CVE-2013-2930,0,0,0,0,0,0,0
CVE-2013-7026,0,0,0,0,0,0,0
CVE-2013-7446,0,0,0,0,0,0,0
CVE-2014-0101,0,0,0,0,0,0,0
CVE-2014-1690,0,0,0,0,0,0,0
CVE-2014-2523,0,0,0,0,0,0,0
CVE-2014-2739,0,0,0,0,0,0,0
CVE-2014-3144,0,0,0,0,0,0,0
CVE-2014-3145,0,0,0,0,0,0,0
CVE-2014-3687,0,0,0,0,0,0,0
CVE-2014-3688,0,0,0,0,0,0,0
CVE-2014-5077,0,0,0,0,0,0,0
CVE-2014-7284,0,0,0,0,0,0,0
CVE-2014-7825,0,0,0,0,0,0,0
CVE-2014-7826,0,0,0,0,0,0,0
CVE-2014-7841,0,0,0,0,0,0,0
CVE-2014-8369,0,0,0,0,0,0,0
CVE-2014-8709,0,0,0,0,0,0,0
CVE-2014-9715,0,0,0,0,0,0,0
CVE-2014-9903,0,0,0,0,0,0,0
CVE-2014-9904,0,0,0,0,0,0,0
CVE-2014-9914,0,0,0,0,0,0,0
CVE-2015-1339,0,0,0,0,0,0,0
CVE-2015-1421,0,0,0,0,0,0,0
CVE-2015-2672,0,0,0,0,0,0,0
CVE-2015-3212,0,0,0,0,0,0,0
CVE-2015-4700,0,0,0,0,0,0,0
CVE-2015-5283,0,0,0,0,0,0,0
CVE-2015-7566,0,0,0,0,0,0,0
CVE-2015-8709,0,0,0,0,0,0,0
CVE-2015-8746,0,0,0,0,0,0,0
CVE-2015-8785,0,0,0,0,0,0,0
CVE-2015-8787,0,0,0,0,0,0,0
CVE-2015-8816,0,0,0,0,0,0,0
CVE-2015-8844,0,0,0,0,0,0,0
CVE-2015-8845,0,0,0,0,0,0,0
CVE-2015-9004,0,0,0,0,0,0,0
CVE-2016-0617,0,0,0,0,0,0,0
CVE-2016-10150,0,0,0,0,0,0,0
CVE-2016-10200,0,0,0,0,0,0,0
CVE-2016-10764,0,0,0,0,0,0,0
CVE-2016-10907,0,0,0,0,0,0,0
CVE-2016-2070,0,0,0,0,0,0,0
CVE-2016-2117,0,0,0,0,0,0,0
CVE-2016-2188,0,0,0,0,0,0,0
CVE-2016-2383,0,0,0,0,0,0,0
CVE-2016-2550,0,0,0,0,0,0,0
CVE-2016-2782,0,0,0,0,0,0,0
CVE-2016-3713,0,0,0,0,0,0,0
CVE-2016-3951,0,0,0,0,0,0,0
CVE-2016-4470,0,0,0,0,0,0,0
CVE-2016-4558,0,0,0,0,0,0,0
CVE-2016-4581,0,0,0,0,0,0,0
CVE-2016-4794,0,0,0,0,0,0,0
CVE-2016-4805,0,0,0,0,0,0,0
CVE-2016-5696,0,0,0,0,0,0,0
CVE-2016-5828,0,0,0,0,0,0,0
CVE-2016-6156,0,0,0,0,0,0,0
CVE-2016-6162,0,0,0,0,0,0,0
CVE-2016-6327,0,0,0,0,0,0,0
CVE-2016-6480,0,0,0,0,0,0,0
CVE-2016-6516,0,0,0,0,0,0,0
CVE-2016-6828,0,0,0,0,0,0,0
CVE-2016-7039,0,0,0,0,0,0,0
CVE-2016-7117,0,0,0,0,0,0,0
CVE-2016-7912,0,0,0,0,0,0,0
CVE-2016-7917,0,0,0,0,0,0,0
CVE-2016-8399,0,0,0,0,0,0,0
CVE-2016-8405,0,0,0,0,0,0,0
CVE-2016-8632,0,0,0,0,0,0,0
CVE-2016-8650,0,0,0,0,0,0,0
CVE-2016-8655,0,0,0,0,0,0,0
CVE-2016-8666,0,0,0,0,0,0,0
CVE-2016-9191,0,0,0,0,0,0,0
CVE-2016-9313,0,0,0,0,0,0,0
CVE-2016-9754,0,0,0,0,0,0,0
CVE-2016-9755,0,0,0,0,0,0,0
CVE-2016-9756,0,0,0,0,0,0,0
CVE-2016-9777,0,0,0,0,0,0,0
CVE-2016-9806,0,0,0,0,0,0,0
CVE-2016-9919,0,0,0,0,0,0,0
CVE-2017-1000,0,0,0,0,0,0,0
CVE-2017-1000111,0,0,0,0,0,0,0
CVE-2017-1000112,0,0,0,0,0,0,0
CVE-2017-1000252,0,0,0,0,0,0,0
CVE-2017-1000255,0,0,0,0,0,0,0
CVE-2017-1000365,0,0,0,0,0,0,0
CVE-2017-1000370,0,0,0,0,0,0,0
CVE-2017-1000371,0,0,0,0,0,0,0
CVE-2017-1000407,0,0,0,0,0,0,0
CVE-2017-11089,0,0,0,0,0,0,0
CVE-2017-11600,0,0,0,0,0,0,0
CVE-2017-12146,0,0,0,0,0,0,0
CVE-2017-12153,0,0,0,0,0,0,0
CVE-2017-12192,0,0,0,0,0,0,0
CVE-2017-12193,0,0,0,0,0,0,0
CVE-2017-13168,0,0,0,0,0,0,0
CVE-2017-13686,0,0,0,0,0,0,0
CVE-2017-14051,0,0,0,0,0,0,0
CVE-2017-14340,0,0,0,0,0,0,0
CVE-2017-14497,0,0,0,0,0,0,0
CVE-2017-14954,0,0,0,0,0,0,0
CVE-2017-15126,0,0,0,0,0,0,0
CVE-2017-15129,0,0,0,0,0,0,0
CVE-2017-15306,0,0,0,0,0,0,0
CVE-2017-15537,0,0,0,0,0,0,0
CVE-2017-15649,0,0,0,0,0,0,0
CVE-2017-15951,0,0,0,0,0,0,0
CVE-2017-16525,0,0,0,0,0,0,0
CVE-2017-16650,0,0,0,0,0,0,0
CVE-2017-16939,0,0,0,0,0,0,0
CVE-2017-16994,0,0,0,0,0,0,0
CVE-2017-16995,0,0,0,0,0,0,0
CVE-2017-16996,0,0,0,0,0,0,0
CVE-2017-17052,0,0,0,0,0,0,0
CVE-2017-17053,0,0,0,0,0,0,0
CVE-2017-17712,0,0,0,0,0,0,0
CVE-2017-17805,0,0,0,0,0,0,0
CVE-2017-17807,0,0,0,0,0,0,0
CVE-2017-17852,0,0,0,0,0,0,0
CVE-2017-17853,0,0,0,0,0,0,0
CVE-2017-17854,0,0,0,0,0,0,0
CVE-2017-17855,0,0,0,0,0,0,0
CVE-2017-17856,0,0,0,0,0,0,0
CVE-2017-17857,1,0,0,0,0,0,0
CVE-2017-17862,0,0,0,0,0,0,0
CVE-2017-17863,0,0,0,0,0,0,0
CVE-2017-17864,0,0,0,0,0,0,0
CVE-2017-18075,0,0,0,0,0,0,0
CVE-2017-18174,0,0,0,0,0,0,0
CVE-2017-18202,0,0,0,0,0,0,0
CVE-2017-18208,0,0,0,0,0,0,0
CVE-2017-18218,0,0,0,0,0,0,0
CVE-2017-18221,0,0,0,0,0,0,0
CVE-2017-18224,0,0,0,0,0,0,0
CVE-2017-18261,0,0,0,0,0,0,0
CVE-2017-18270,0,0,0,0,0,0,0
CVE-2017-18360,0,0,0,0,0,0,0
CVE-2017-18549,0,0,0,0,0,0,0
CVE-2017-18550,0,0,0,0,0,0,0
CVE-2017-18595,0,0,0,0,0,0,0
CVE-2017-2671,0,0,0,0,0,0,0
CVE-2017-5123,0,0,0,0,0,0,0
CVE-2017-5546,0,0,0,0,0,0,0
CVE-2017-5547,0,0,0,0,0,0,0
CVE-2017-5549,0,0,0,0,0,0,0
CVE-2017-5576,0,0,0,0,0,0,0
CVE-2017-5577,0,0,0,0,0,0,0
CVE-2017-5897,0,0,0,0,0,0,0
CVE-2017-5970,0,0,0,0,0,0,0
CVE-2017-6001,0,0,0,0,0,0,0
CVE-2017-6214,0,0,0,0,0,0,0
CVE-2017-6345,0,0,0,0,0,0,0
CVE-2017-6346,0,0,0,0,0,0,0
CVE-2017-6347,0,0,0,0,0,0,0
CVE-2017-6353,0,0,0,0,0,0,0
CVE-2017-6874,0,0,0,0,0,0,0
CVE-2017-7277,0,0,0,0,0,0,0
CVE-2017-7374,0,0,0,0,0,0,0
CVE-2017-7472,0,0,0,0,0,0,0
CVE-2017-7477,0,0,0,0,0,0,0
CVE-2017-7541,0,0,0,0,0,0,0
CVE-2017-7558,0,0,0,0,0,0,0
CVE-2017-7618,0,0,0,0,0,0,0
CVE-2017-7979,0,0,0,0,0,0,0
CVE-2017-8061,0,0,0,0,0,0,0
CVE-2017-8065,0,0,0,0,0,0,0
CVE-2017-8068,0,0,0,0,0,0,0
CVE-2017-8069,0,0,0,0,0,0,0
CVE-2017-8070,0,0,0,0,0,0,0
CVE-2017-8071,0,0,0,0,0,0,0
CVE-2017-8072,0,0,0,0,0,0,0
CVE-2017-8240,0,0,0,0,0,0,0
CVE-2017-8924,0,0,0,0,0,0,0
CVE-2017-8925,0,0,0,0,0,0,0
CVE-2017-9059,0,0,0,0,0,0,0
CVE-2017-9150,0,0,0,0,0,0,0
CVE-2017-9211,0,0,0,0,0,0,0
CVE-2018-1000028,0,0,0,0,0,0,0
CVE-2018-1000200,0,0,0,0,0,0,0
CVE-2018-10074,0,0,0,0,0,0,0
CVE-2018-1065,0,0,0,0,0,0,0
CVE-2018-10840,0,0,0,0,0,0,0
CVE-2018-10853,0,0,0,0,0,0,0
CVE-2018-1091,0,0,0,0,0,0,0
CVE-2018-1095,0,0,0,0,0,0,0
CVE-2018-1108,0,0,0,0,0,0,0
CVE-2018-11232,0,0,0,0,0,0,0
CVE-2018-11412,0,0,0,0,0,0,0
CVE-2018-11506,0,0,0,0,0,0,0
CVE-2018-11508,0,0,0,0,0,0,0
CVE-2018-12232,0,0,0,0,0,0,0
CVE-2018-12714,0,0,0,0,0,0,0
CVE-2018-13053,0,0,0,0,0,0,0
CVE-2018-13406,0,0,0,0,0,0,0
CVE-2018-14619,0,0,0,0,0,0,0
CVE-2018-14641,0,0,0,0,0,0,0
CVE-2018-14646,0,0,0,0,0,0,0
CVE-2018-14656,0,0,0,0,0,0,0
CVE-2018-14678,0,0,0,0,0,0,0
CVE-2018-14734,0,0,0,0,0,0,0
CVE-2018-15594,0,0,0,0,0,0,0
CVE-2018-16276,0,0,0,0,0,0,0
CVE-2018-16880,0,0,0,0,0,0,0
CVE-2018-16882,0,0,0,0,0,0,0
CVE-2018-16884,0,0,0,0,0,0,0
CVE-2018-17972,0,0,0,0,0,0,0
CVE-2018-18021,0,0,0,0,0,0,0
CVE-2018-18386,0,0,0,0,0,0,0
CVE-2018-18397,0,0,0,0,0,0,0
CVE-2018-18445,0,0,0,0,0,0,0
CVE-2018-18559,0,0,0,0,0,0,0
CVE-2018-18955,0,0,0,0,0,0,0
CVE-2018-19406,0,0,0,0,0,0,0
CVE-2018-19824,0,0,0,0,0,0,0
CVE-2018-19854,0,0,0,0,0,0,0
CVE-2018-20784,0,0,0,0,0,0,0
CVE-2018-20854,0,0,0,0,0,0,0
CVE-2018-20855,0,0,0,0,0,0,0
CVE-2018-20961,0,0,0,0,0,0,0
CVE-2018-25015,0,0,0,0,0,0,0
CVE-2018-5390,0,0,0,0,0,0,0
CVE-2018-5703,0,0,0,0,0,0,0
CVE-2018-5814,0,0,0,0,0,0,0
CVE-2018-5873,0,0,0,0,0,0,0
CVE-2018-7191,0,0,0,0,0,0,0
CVE-2018-7740,0,0,0,0,0,0,0
CVE-2018-7757,0,0,0,0,0,0,0
CVE-2018-8087,0,0,0,0,0,0,0
CVE-2018-9363,0,0,0,0,0,0,0
CVE-2018-9385,0,0,0,0,0,0,0
CVE-2018-9415,0,0,0,0,0,0,0
CVE-2018-9517,0,0,0,0,0,0,0
CVE-2018-9518,0,0,0,0,0,0,0
CVE-2019-10124,0,0,0,0,0,0,0
CVE-2019-10125,0,0,0,0,0,0,0
CVE-2019-10142,0,0,0,0,0,0,0
CVE-2019-10207,0,0,0,0,0,0,0
CVE-2019-10638,0,0,0,0,0,0,0
CVE-2019-10639,0,0,0,0,0,0,0
CVE-2019-11085,0,0,0,0,0,0,0
CVE-2019-11477,0,0,0,0,0,0,0
CVE-2019-11599,0,0,0,0,0,0,0
CVE-2019-11683,0,0,0,0,0,0,0
CVE-2019-11811,0,0,0,0,0,0,0
CVE-2019-12379,0,0,0,0,0,0,0
CVE-2019-12817,0,0,0,0,0,0,0
CVE-2019-12818,0,0,0,0,0,0,0
CVE-2019-12819,0,0,0,0,0,0,0
CVE-2019-12881,0,0,0,0,0,0,0
CVE-2019-13233,0,0,0,0,0,0,0
CVE-2019-13272,0,0,0,0,0,0,0
CVE-2019-13648,0,0,0,0,0,0,0
CVE-2019-14763,0,0,0,0,0,0,0
CVE-2019-14821,0,0,0,0,0,0,0
CVE-2019-14835,0,0,0,0,0,0,0
CVE-2019-15030,0,0,0,0,0,0,0
CVE-2019-15031,0,0,0,0,0,0,0
CVE-2019-15090,0,0,0,0,0,0,0
CVE-2019-15219,0,0,0,0,0,0,0
CVE-2019-15222,0,0,0,0,0,0,0
CVE-2019-15223,0,0,0,0,0,0,0
CVE-2019-15239,0,0,0,0,0,0,0
CVE-2019-15538,0,0,0,0,0,0,0
CVE-2019-15666,0,0,0,0,0,0,0
CVE-2019-15794,0,0,0,0,0,0,0
CVE-2019-15807,0,0,0,0,0,0,0
CVE-2019-15916,0,0,0,0,0,0,0
CVE-2019-15921,0,0,0,0,0,0,0
CVE-2019-15924,0,0,0,0,0,0,0
CVE-2019-15925,0,0,0,0,0,0,0
CVE-2019-15926,0,0,0,0,0,0,0
CVE-2019-16413,0,0,0,0,0,0,0
CVE-2019-16714,0,0,0,0,0,0,0
CVE-2019-16746,0,0,0,0,0,0,0
CVE-2019-16921,0,0,0,0,0,0,0
CVE-2019-16995,0,0,0,0,0,0,0
CVE-2019-18198,0,0,0,0,0,0,0
CVE-2019-18282,0,0,0,0,0,0,0
CVE-2019-18660,0,0,0,0,0,0,0
CVE-2019-18680,0,0,0,0,0,0,0
CVE-2019-18805,0,0,0,0,0,0,0
CVE-2019-18806,0,0,0,0,0,0,0
CVE-2019-18807,0,0,0,0,0,0,0
CVE-2019-18809,0,0,0,0,0,0,0
CVE-2019-18811,0,0,0,0,0,0,0
CVE-2019-18812,0,0,0,0,0,0,0
CVE-2019-18813,0,0,0,0,0,0,0
CVE-2019-18814,0,0,0,0,0,0,0
CVE-2019-19037,0,0,0,0,0,0,0
CVE-2019-19044,0,0,0,0,0,0,0
CVE-2019-19045,0,0,0,0,0,0,0
CVE-2019-19046,0,0,0,0,0,0,0
CVE-2019-19047,0,0,0,0,0,0,0
CVE-2019-19048,0,0,0,0,0,0,0
CVE-2019-19049,0,0,0,0,0,0,0
CVE-2019-19050,0,0,0,0,0,0,0
CVE-2019-19051,0,0,0,0,0,0,0
CVE-2019-19052,0,0,0,0,0,0,0
CVE-2019-19055,0,0,0,0,0,0,0
CVE-2019-19056,0,0,0,0,0,0,0
CVE-2019-19057,0,0,0,0,0,0,0
CVE-2019-19059,0,0,0,0,0,0,0
CVE-2019-19062,0,0,0,0,0,0,0
CVE-2019-19064,0,0,0,0,0,0,0
CVE-2019-19065,0,0,0,0,0,0,0
CVE-2019-19070,0,0,0,0,0,0,0
CVE-2019-19077,0,0,0,0,0,0,0
CVE-2019-19080,0,0,0,0,0,0,0
CVE-2019-19081,0,0,0,0,0,0,0
CVE-2019-19252,0,0,0,0,0,0,0
CVE-2019-19318,0,0,0,0,0,0,0
CVE-2019-19332,0,0,0,0,0,0,0
CVE-2019-19448,0,0,0,0,0,0,0
CVE-2019-19462,0,0,0,0,0,0,0
CVE-2019-19523,0,0,0,0,0,0,0
CVE-2019-19525,0,0,0,0,0,0,0
CVE-2019-19526,0,0,0,0,0,0,0
CVE-2019-19528,0,0,0,0,0,0,0
CVE-2019-19529,0,0,0,0,0,0,0
CVE-2019-19530,0,0,0,0,0,0,0
CVE-2019-19531,0,0,0,0,0,0,0
CVE-2019-19534,0,0,0,0,0,0,0
CVE-2019-19535,0,0,0,0,0,0,0
CVE-2019-19536,0,0,0,0,0,0,0
CVE-2019-19602,0,0,0,0,0,0,0
CVE-2019-19769,0,0,0,0,0,0,0
CVE-2019-19770,0,0,0,0,0,0,0
CVE-2019-19807,0,0,0,0,0,0,0
CVE-2019-19922,0,0,0,0,0,0,0
CVE-2019-19927,0,0,0,0,0,0,0
CVE-2019-19947,0,0,0,0,0,0,0
CVE-2019-19965,0,0,0,0,0,0,0
CVE-2019-20054,0,0,0,0,0,0,0
CVE-2019-20095,0,0,0,0,0,0,0
CVE-2019-20096,0,0,0,0,0,0,0
CVE-2019-20422,0,0,0,0,0,0,0
CVE-2019-20811,0,0,0,0,0,0,0
CVE-2019-20812,0,0,0,0,0,0,0
CVE-2019-20934,0,0,0,0,0,0,0
CVE-2019-2182,0,0,0,0,0,0,0
CVE-2019-2214,0,0,0,0,0,0,0
CVE-2019-25044,0,0,0,0,0,0,0
CVE-2019-25045,0,0,0,0,0,0,0
CVE-2019-25160,0,0,0,0,0,0,0
CVE-2019-25162,0,0,0,0,0,0,0
CVE-2019-3819,0,0,0,0,0,0,0
CVE-2019-3892,0,0,0,0,0,0,0
CVE-2019-3900,0,0,0,0,0,0,0
CVE-2019-6974,0,0,0,0,0,0,0
CVE-2019-7308,0,0,0,0,0,0,0
CVE-2019-8912,0,0,0,0,0,0,0
CVE-2019-8956,0,0,0,0,0,0,0
CVE-2019-8980,0,0,0,0,0,0,0
CVE-2019-9162,0,0,0,0,0,0,0
CVE-2019-9213,0,0,0,0,0,0,0
CVE-2019-9458,0,0,0,0,0,0,0
CVE-2019-9506,0,0,0,0,0,0,0
CVE-2019-9857,0,0,0,0,0,0,0
CVE-2020-0041,0,0,0,0,0,0,0
CVE-2020-0404,0,0,0,0,0,0,0
CVE-2020-0430,0,0,0,0,0,0,0
CVE-2020-0444,0,0,0,0,0,0,0
CVE-2020-10711,0,0,0,0,0,0,0
CVE-2020-10720,0,0,0,0,0,0,0
CVE-2020-10757,0,0,0,0,0,0,0
CVE-2020-10766,0,0,0,0,0,0,0
CVE-2020-10767,0,0,0,0,0,0,0
CVE-2020-10768,0,0,0,0,0,0,0
CVE-2020-10769,0,0,0,0,0,0,0
CVE-2020-10781,0,0,0,0,0,0,0
CVE-2020-10942,0,0,0,0,0,0,0
CVE-2020-11494,0,0,0,0,0,0,0
CVE-2020-11565,0,0,0,0,0,0,0
CVE-2020-11608,0,0,0,0,0,0,0
CVE-2020-11609,0,0,0,0,0,0,0
CVE-2020-11668,0,0,0,0,0,0,0
CVE-2020-11725,0,0,0,0,0,0,0
CVE-2020-11884,0,0,0,0,0,0,0
CVE-2020-12657,0,0,0,0,0,0,0
CVE-2020-12659,0,0,0,0,0,0,0
CVE-2020-12771,0,0,0,0,0,0,0
CVE-2020-14314,0,0,0,0,0,0,0
CVE-2020-14331,0,0,0,0,0,0,0
CVE-2020-14351,0,0,0,0,0,0,0
CVE-2020-14353,0,0,0,0,0,0,0
CVE-2020-14356,0,0,0,0,0,0,0
CVE-2020-14385,0,0,0,0,0,0,0
CVE-2020-14386,0,0,0,0,0,0,0
CVE-2020-14416,0,0,0,0,0,0,0
CVE-2020-15436,0,0,0,0,0,0,0
CVE-2020-15852,0,0,0,0,0,0,0
CVE-2020-16119,0,0,0,0,0,0,0
CVE-2020-16166,0,0,0,0,0,0,0
CVE-2020-1749,0,0,0,0,0,0,0
CVE-2020-24394,0,0,0,0,0,0,0
CVE-2020-24490,0,0,0,0,0,0,0
CVE-2020-25211,0,0,0,0,0,0,0
CVE-2020-25212,0,0,0,0,0,0,0
CVE-2020-25220,0,0,0,0,0,0,0
CVE-2020-25221,0,0,0,0,0,0,0
CVE-2020-25285,0,0,0,0,0,0,0
CVE-2020-25639,0,0,0,0,0,0,0
CVE-2020-25641,0,0,0,0,0,0,0
CVE-2020-25643,0,0,0,0,0,0,0
CVE-2020-25645,0,0,0,0,0,0,0
CVE-2020-25670,0,0,0,0,0,0,0
CVE-2020-25671,0,0,0,0,0,0,0
CVE-2020-25672,0,0,0,0,0,0,0
CVE-2020-25673,0,0,0,0,0,0,0
CVE-2020-25704,0,0,0,0,0,0,0
CVE-2020-25705,0,0,0,0,0,0,0
CVE-2020-27066,0,0,0,0,0,0,0
CVE-2020-27067,0,0,0,0,0,0,0
CVE-2020-27152,0,0,0,0,0,0,0
CVE-2020-27170,0,0,0,0,0,0,0
CVE-2020-27171,0,0,0,0,0,0,0
CVE-2020-27194,0,0,0,0,0,0,0
CVE-2020-27418,0,0,0,0,0,0,0
CVE-2020-27825,0,0,0,0,0,0,0
CVE-2020-27835,1,1,1,0,0,0,0
CVE-2020-28374,0,0,0,0,0,0,0
CVE-2020-28588,0,0,0,0,0,0,0
CVE-2020-29368,0,0,0,0,0,0,0
CVE-2020-29369,0,0,0,0,0,0,0
CVE-2020-29370,0,0,0,0,0,0,0
CVE-2020-29371,0,0,0,0,0,0,0
CVE-2020-29372,0,0,0,0,0,0,0
CVE-2020-29569,0,0,0,0,0,0,0
CVE-2020-29661,0,0,0,0,0,0,0
CVE-2020-35499,0,0,0,0,0,0,0
CVE-2020-35513,0,0,0,0,0,0,0
CVE-2020-35519,0,0,0,0,0,0,0
CVE-2020-36312,0,0,0,0,0,0,0
CVE-2020-36313,0,0,0,0,0,0,0
CVE-2020-36385,1,1,1,0,0,0,0
CVE-2020-36516,0,0,0,0,0,0,0
CVE-2020-36557,0,0,0,0,0,0,0
CVE-2020-36558,0,0,0,0,0,0,0
CVE-2020-36694,0,0,0,0,0,0,0
CVE-2020-36776,0,0,0,0,0,0,0
CVE-2020-36777,0,0,0,0,0,0,0
CVE-2020-36778,0,0,0,0,0,0,0
CVE-2020-36779,0,0,0,0,0,0,0
CVE-2020-36780,1,1,0,0,0,0,0
CVE-2020-36781,0,0,0,0,0,0,0
CVE-2020-36782,0,1,0,0,0,0,0
CVE-2020-36783,0,1,0,0,0,0,0
CVE-2020-36784,1,1,1,0,0,0,0
CVE-2020-36785,0,0,0,0,0,0,0
CVE-2020-36786,0,0,0,0,0,0,0
CVE-2020-36787,0,0,0,0,0,0,0
CVE-2020-36788,0,0,1,0,0,0,0
CVE-2020-8428,0,0,0,0,0,0,0
CVE-2020-8647,0,0,0,0,0,0,0
CVE-2020-8649,0,0,0,0,0,0,0
CVE-2020-8835,0,0,0,0,0,0,0
CVE-2020-9391,0,0,0,0,0,0,0
CVE-2021-0342,0,0,0,0,0,0,0
CVE-2021-0448,0,0,0,0,0,0,0
CVE-2021-0605,0,0,0,0,0,0,0
CVE-2021-0707,0,0,0,0,0,0,0
CVE-2021-0935,0,0,0,0,0,0,0
CVE-2021-0937,0,0,0,0,0,0,0
CVE-2021-0938,0,0,0,0,0,0,0
CVE-2021-1048,0,0,0,0,0,0,0
CVE-2021-20265,0,0,0,0,0,0,0
CVE-2021-20268,0,0,0,0,0,0,0
CVE-2021-20320,0,0,0,0,0,0,0
CVE-2021-20321,0,0,0,0,0,0,0
CVE-2021-20322,0,0,0,0,0,0,0
CVE-2021-22555,0,0,0,0,0,0,0
CVE-2021-22600,0,0,0,0,0,0,0
CVE-2021-23133,0,0,0,0,0,0,0
CVE-2021-23134,0,0,0,0,0,0,0
CVE-2021-26708,0,0,0,0,0,0,0
CVE-2021-28039,0,0,0,0,0,0,0
CVE-2021-28375,0,0,0,0,0,0,0
CVE-2021-28660,0,0,0,0,0,0,0
CVE-2021-28691,0,0,0,0,0,0,0
CVE-2021-28714,0,0,0,0,0,0,0
CVE-2021-28715,0,0,0,0,0,0,0
CVE-2021-28950,0,0,0,0,0,0,0
CVE-2021-28952,0,0,0,0,0,0,0
CVE-2021-28964,0,0,0,0,0,0,0
CVE-2021-28971,0,0,0,0,0,0,0
CVE-2021-29155,0,0,0,0,0,0,0
CVE-2021-29265,0,0,0,0,0,0,0
CVE-2021-29266,0,0,0,0,0,0,0
CVE-2021-29646,0,0,0,0,0,0,0
CVE-2021-29647,0,0,0,0,0,0,0
CVE-2021-29648,0,0,0,0,0,0,0
CVE-2021-29649,0,0,0,0,0,0,0
CVE-2021-29650,0,0,0,0,0,0,0
CVE-2021-29657,0,0,0,0,0,0,0
CVE-2021-30002,0,0,0,0,0,0,0
CVE-2021-30178,0,0,0,0,0,0,0
CVE-2021-31440,0,0,0,0,0,0,0
CVE-2021-31829,0,0,0,0,0,0,0
CVE-2021-32399,0,0,0,0,0,0,0
CVE-2021-32606,0,0,0,0,0,0,0
CVE-2021-33033,0,0,0,0,0,0,0
CVE-2021-33098,0,0,0,0,0,0,0
CVE-2021-33135,0,0,0,0,0,0,0
CVE-2021-33200,0,0,0,0,0,0,0
CVE-2021-3347,0,0,0,0,0,0,0
CVE-2021-33624,0,0,0,0,0,0,0
CVE-2021-33630,0,0,0,0,0,0,0
CVE-2021-33631,0,0,0,0,0,0,0
CVE-2021-33909,0,0,0,0,0,0,0
CVE-2021-3411,0,0,0,0,0,0,0
CVE-2021-3444,0,0,0,0,0,0,0
CVE-2021-34556,0,0,0,0,0,0,0
CVE-2021-34693,0,0,0,0,0,0,0
CVE-2021-34866,0,0,0,0,0,0,0
CVE-2021-3489,0,0,0,0,0,0,0
CVE-2021-3490,0,0,0,0,0,0,0
CVE-2021-3491,0,0,0,0,0,0,0
CVE-2021-3501,0,0,0,0,0,0,0
CVE-2021-35039,0,0,0,0,0,0,0
CVE-2021-35477,0,0,0,0,0,0,0
CVE-2021-3587,0,0,0,0,0,0,0
CVE-2021-3600,0,0,0,0,0,0,0
CVE-2021-3609,0,0,0,0,0,0,0
CVE-2021-3612,0,0,0,0,0,0,0
CVE-2021-3635,0,0,0,0,0,0,0
CVE-2021-3653,0,0,0,0,0,0,0
CVE-2021-3679,0,0,0,0,0,0,0
CVE-2021-3715,0,0,0,0,0,0,0
CVE-2021-37159,0,0,0,0,0,0,0
CVE-2021-3732,0,0,0,0,0,0,0
CVE-2021-3736,0,0,0,0,0,0,0
CVE-2021-3739,0,0,0,0,0,0,0
CVE-2021-3743,0,0,0,0,0,0,0
CVE-2021-3744,0,0,0,0,0,0,0
CVE-2021-37576,0,0,0,0,0,0,0
CVE-2021-3764,0,0,0,0,0,0,0
CVE-2021-3772,0,0,0,0,0,0,0
CVE-2021-38166,0,0,0,0,0,0,0
CVE-2021-38198,0,0,0,0,0,0,0
CVE-2021-38199,0,0,0,0,0,0,0
CVE-2021-38200,0,0,0,0,0,0,0
CVE-2021-38201,0,0,0,0,0,0,0
CVE-2021-38202,0,0,0,0,0,0,0
CVE-2021-38203,0,0,0,0,0,0,0
CVE-2021-38204,0,0,0,0,0,0,0
CVE-2021-38206,0,0,0,0,0,0,0
CVE-2021-38207,0,0,0,0,0,0,0
CVE-2021-38208,0,0,0,0,0,0,0
CVE-2021-38209,0,0,0,0,0,0,0
CVE-2021-38300,0,0,0,0,0,0,0
CVE-2021-3894,0,0,0,0,0,0,0
CVE-2021-3923,0,0,0,0,0,0,0
CVE-2021-39633,0,0,0,0,0,0,0
CVE-2021-39636,0,0,0,0,0,0,0
CVE-2021-39656,0,0,0,0,0,0,0
CVE-2021-39686,0,0,0,0,0,0,0
CVE-2021-39711,0,0,0,0,0,0,0
CVE-2021-4001,0,0,0,0,0,0,0
CVE-2021-4002,0,0,0,0,0,0,0
CVE-2021-4023,0,0,0,0,0,0,0
CVE-2021-4028,0,0,0,0,0,0,0
CVE-2021-4032,0,0,0,0,0,0,0
CVE-2021-4037,1,1,0,0,0,0,0
CVE-2021-40490,0,0,0,0,0,0,0
CVE-2021-4090,0,0,0,0,0,0,0
CVE-2021-4093,0,0,0,0,0,0,0
CVE-2021-4095,0,0,0,0,1,0,0
CVE-2021-41073,0,0,0,0,0,0,0
CVE-2021-4135,0,0,0,0,0,0,0
CVE-2021-4148,0,0,1,0,0,0,0
CVE-2021-4154,0,0,0,0,0,0,0
CVE-2021-4157,0,0,0,0,0,0,0
CVE-2021-41864,0,0,0,0,0,0,0
CVE-2021-4197,0,0,0,0,0,0,0
CVE-2021-42008,0,0,0,0,0,0,0
CVE-2021-4202,0,0,0,0,0,0,0
CVE-2021-4203,0,0,0,0,0,0,0
CVE-2021-42252,0,0,0,0,0,0,0
CVE-2021-43056,0,0,0,0,0,0,0
CVE-2021-43057,0,0,0,0,0,0,0
CVE-2021-43267,0,0,0,0,0,0,0
CVE-2021-44733,0,0,0,0,0,0,0
CVE-2021-45100,0,0,0,0,0,0,0
CVE-2021-45402,0,0,0,0,0,0,0
CVE-2021-45480,0,0,0,0,0,0,0
CVE-2021-45486,0,0,0,0,0,0,0
CVE-2021-46283,0,0,0,0,0,0,0
CVE-2021-46904,0,0,0,0,0,0,0
CVE-2021-46905,0,0,0,0,0,0,0
CVE-2021-46908,0,0,0,0,0,0,0
CVE-2021-46909,0,0,0,0,0,0,0
CVE-2021-46910,0,0,0,0,0,0,0
CVE-2021-46911,0,0,0,0,0,0,0
CVE-2021-46912,0,0,0,0,0,0,0
CVE-2021-46913,0,0,0,0,0,0,0
CVE-2021-46914,0,0,0,0,0,0,0
CVE-2021-46915,0,0,0,0,0,0,0
CVE-2021-46916,0,0,0,0,0,0,0
CVE-2021-46917,0,0,0,0,0,0,0
CVE-2021-46918,0,0,0,0,0,0,0
CVE-2021-46919,0,0,0,0,0,0,0
CVE-2021-46920,0,0,0,0,0,0,0
CVE-2021-46921,0,0,0,0,0,0,0
CVE-2021-46922,0,0,0,0,0,0,0
CVE-2021-46923,0,0,0,0,0,0,0
CVE-2021-46924,0,0,0,0,0,0,0
CVE-2021-46925,1,1,1,0,0,0,0
CVE-2021-46927,0,0,0,0,0,0,0
CVE-2021-46929,0,0,0,0,0,0,0
CVE-2021-46930,0,0,0,0,0,0,0
CVE-2021-46931,0,0,0,0,0,0,0
CVE-2021-46932,0,0,0,0,0,0,0
CVE-2021-46933,0,0,0,0,0,0,0
CVE-2021-46934,0,0,0,0,0,0,0
CVE-2021-46935,0,0,0,0,0,0,0
CVE-2021-46936,0,0,0,0,0,0,0
CVE-2021-46937,0,0,0,0,0,0,0
CVE-2021-46938,0,0,0,0,0,0,0
CVE-2021-46939,0,0,0,0,0,0,0
CVE-2021-46940,0,0,0,0,0,0,0
CVE-2021-46941,1,1,1,0,0,0,0
CVE-2021-46942,0,0,0,0,0,0,0
CVE-2021-46943,0,0,0,0,0,0,0
CVE-2021-46944,0,0,0,0,0,0,0
CVE-2021-46945,0,0,0,0,0,0,0
CVE-2021-46947,0,0,0,0,0,0,0
CVE-2021-46948,0,0,0,0,0,0,0
CVE-2021-46949,0,0,0,0,0,0,0
CVE-2021-46950,0,0,0,0,0,0,0
CVE-2021-46951,0,0,0,0,0,0,0
CVE-2021-46952,0,0,0,0,0,0,0
CVE-2021-46953,0,0,0,0,0,0,0
CVE-2021-46954,0,0,0,0,0,0,0
CVE-2021-46955,0,0,0,0,0,0,0
CVE-2021-46956,0,0,0,0,0,0,0
CVE-2021-46957,0,0,0,0,0,0,0
CVE-2021-46958,0,0,0,0,0,0,0
CVE-2021-46959,0,0,0,0,0,0,0
CVE-2021-46960,0,0,0,0,0,0,0
CVE-2021-46961,0,0,0,0,0,0,0
CVE-2021-46962,0,0,0,0,0,0,0
CVE-2021-46963,0,0,0,0,0,0,0
CVE-2021-46964,0,0,0,0,0,0,0
CVE-2021-46965,0,0,0,0,0,0,0
CVE-2021-46966,0,0,0,0,0,0,0
CVE-2021-46967,0,0,0,0,0,0,0
CVE-2021-46968,0,0,0,0,0,0,0
CVE-2021-46969,0,0,0,0,0,0,0
CVE-2021-46970,0,0,0,0,0,0,0
CVE-2021-46971,0,0,0,0,0,0,0
CVE-2021-46972,0,0,0,0,0,0,0
CVE-2021-46973,0,0,0,0,0,0,0
CVE-2021-46974,0,0,0,0,0,0,0
CVE-2021-46976,0,0,0,0,0,0,0
CVE-2021-46977,0,0,0,0,0,0,0
CVE-2021-46978,0,0,0,0,0,0,0
CVE-2021-46979,0,0,0,0,0,0,0
CVE-2021-46980,0,0,0,0,0,0,0
CVE-2021-46981,0,0,0,0,0,0,0
CVE-2021-46982,0,0,0,0,0,0,0
CVE-2021-46983,0,0,0,0,0,0,0
CVE-2021-46984,0,1,0,0,0,0,0
CVE-2021-46985,0,0,0,0,0,0,0
CVE-2021-46986,0,0,0,0,0,0,0
CVE-2021-46987,0,0,0,1,0,0,0
CVE-2021-46988,0,0,0,0,0,0,0
CVE-2021-46989,0,0,0,0,0,0,0
CVE-2021-46990,0,0,0,0,0,0,0
CVE-2021-46991,0,0,0,0,0,0,0
CVE-2021-46992,0,0,0,0,0,0,0
CVE-2021-46993,0,0,0,0,0,0,0
CVE-2021-46994,0,0,0,0,0,0,0
CVE-2021-46995,0,0,0,0,0,0,0
CVE-2021-46996,0,0,0,0,0,0,0
CVE-2021-46997,0,0,0,0,0,0,0
CVE-2021-46998,0,0,0,0,0,0,0
CVE-2021-46999,0,0,0,0,0,0,0
CVE-2021-47000,0,0,0,0,0,0,0
CVE-2021-47001,0,0,0,0,0,0,0
CVE-2021-47002,0,0,0,0,0,0,0
CVE-2021-47003,0,0,0,0,0,0,0
CVE-2021-47004,0,0,0,0,0,0,0
CVE-2021-47005,0,0,1,0,0,0,0
CVE-2021-47006,0,0,0,0,0,0,0
CVE-2021-47007,0,0,0,0,0,0,0
CVE-2021-47008,0,0,0,0,0,0,0
CVE-2021-47009,0,0,0,0,0,0,0
CVE-2021-47010,0,0,0,0,0,0,0
CVE-2021-47011,0,0,0,0,0,0,0
CVE-2021-47012,0,0,0,0,0,0,0
CVE-2021-47013,0,0,0,0,0,0,0
CVE-2021-47014,0,0,0,0,0,0,0
CVE-2021-47015,0,0,0,0,0,0,0
CVE-2021-47016,0,0,0,0,0,0,0
CVE-2021-47017,0,0,0,0,0,0,0
CVE-2021-47018,0,0,0,0,0,0,0
CVE-2021-47019,0,0,0,0,0,0,0
CVE-2021-47020,0,0,0,0,0,0,0
CVE-2021-47021,0,0,0,0,0,0,0
CVE-2021-47022,0,0,0,0,0,0,0
CVE-2021-47023,0,0,0,0,0,0,0
CVE-2021-47024,0,0,1,0,0,0,0
CVE-2021-47025,0,0,0,0,0,0,0
CVE-2021-47026,0,0,0,0,0,0,0
CVE-2021-47027,0,0,0,0,0,0,0
CVE-2021-47028,0,0,0,0,0,0,0
CVE-2021-47029,0,0,0,0,0,0,0
CVE-2021-47030,0,0,0,0,0,0,0
CVE-2021-47031,0,0,0,0,0,0,0
CVE-2021-47032,0,0,0,0,0,0,0
CVE-2021-47033,0,0,0,0,0,0,0
CVE-2021-47034,0,0,0,0,0,0,0
CVE-2021-47035,0,0,0,0,0,0,0
CVE-2021-47036,0,0,0,0,0,0,0
CVE-2021-47037,0,0,0,1,0,0,0
CVE-2021-47038,0,0,0,0,0,0,0
CVE-2021-47039,0,0,0,0,0,0,0
CVE-2021-47040,0,0,0,0,0,0,0
CVE-2021-47041,0,0,0,0,0,0,0
CVE-2021-47042,0,0,0,0,0,0,0
CVE-2021-47043,0,0,0,0,0,0,0
CVE-2021-47044,0,0,0,0,0,0,0
CVE-2021-47045,0,0,0,0,0,0,0
CVE-2021-47046,0,0,0,0,0,0,0
CVE-2021-47047,0,0,0,0,0,0,0
CVE-2021-47048,0,0,0,0,0,0,0
CVE-2021-47049,1,1,1,0,0,0,0
CVE-2021-47050,0,0,0,0,0,0,0
CVE-2021-47051,0,0,0,0,0,0,0
CVE-2021-47052,0,0,0,0,0,0,0
CVE-2021-47053,0,0,0,0,0,0,0
CVE-2021-47054,0,0,0,0,0,0,0
CVE-2021-47055,0,0,0,0,0,0,0
CVE-2021-47056,0,0,0,0,0,0,0
CVE-2021-47057,0,0,0,0,0,0,0
CVE-2021-47058,0,0,0,0,0,0,0
CVE-2021-47059,0,0,0,0,0,0,0
CVE-2021-47060,0,0,0,0,0,0,0
CVE-2021-47061,0,0,0,0,0,0,0
CVE-2021-47062,0,0,0,0,0,0,0
CVE-2021-47063,1,1,1,0,0,0,0
CVE-2021-47064,0,0,0,0,0,0,0
CVE-2021-47065,0,0,0,0,0,0,0
CVE-2021-47066,0,0,0,0,0,0,0
CVE-2021-47067,0,0,0,0,0,0,0
CVE-2021-47068,0,0,0,0,0,0,0
CVE-2021-47069,0,0,0,0,0,0,0
CVE-2021-47070,0,0,1,1,0,0,0
CVE-2021-47071,0,0,0,0,0,0,0
CVE-2021-47072,0,0,0,0,0,0,0
CVE-2021-47073,0,0,0,0,0,0,0
CVE-2021-47074,1,1,1,0,0,0,0
CVE-2021-47075,0,0,0,0,0,0,0
CVE-2021-47076,1,1,1,1,0,0,0
CVE-2021-47077,1,1,1,0,0,0,0
CVE-2021-47078,0,0,0,0,0,0,0
CVE-2021-47079,0,0,0,0,0,0,0
CVE-2021-47080,0,0,0,0,0,0,0
CVE-2021-47081,0,0,0,0,0,0,0
CVE-2021-47087,0,0,0,0,0,0,0
CVE-2021-47088,0,0,0,0,0,0,0
CVE-2021-47089,0,0,0,0,0,0,0
CVE-2021-47090,0,0,0,0,0,0,0
CVE-2021-47091,0,0,0,0,0,0,0
CVE-2021-47092,0,0,0,0,0,0,0
CVE-2021-47093,0,0,0,0,0,0,0
CVE-2021-47094,0,0,0,0,0,0,0
CVE-2021-47095,0,0,0,0,0,0,0
CVE-2021-47096,0,0,0,0,0,0,0
CVE-2021-47097,0,0,0,0,0,0,0
CVE-2021-47098,0,0,0,0,0,0,0
CVE-2021-47099,0,0,0,0,0,0,0
CVE-2021-47100,0,0,0,0,0,0,0
CVE-2021-47101,1,1,1,1,0,0,0
CVE-2021-47102,0,0,0,0,0,0,0
CVE-2021-47103,0,0,0,0,0,0,0
CVE-2021-47104,0,0,0,0,0,0,0
CVE-2021-47105,0,0,0,1,0,0,0
CVE-2021-47106,0,0,0,0,0,0,0
CVE-2021-47107,0,0,0,0,0,0,0
CVE-2021-47108,0,0,0,0,0,0,0
CVE-2021-47109,0,0,0,0,0,0,0
CVE-2021-47111,0,0,0,0,0,0,0
CVE-2021-47118,0,0,0,0,0,0,0
CVE-2021-47119,1,1,1,0,0,0,0
CVE-2021-47120,0,0,0,0,0,0,0
CVE-2021-47121,0,0,0,0,0,0,0
CVE-2021-47122,0,0,0,0,0,0,0
CVE-2021-47123,0,0,0,0,0,0,0
CVE-2021-47124,0,0,0,0,0,0,0
CVE-2021-47125,0,0,0,0,0,0,0
CVE-2021-47126,0,0,0,0,0,0,0
CVE-2021-47127,0,0,0,0,0,0,0
CVE-2021-47128,0,0,0,0,0,0,0
CVE-2021-47129,0,0,0,0,0,0,0
CVE-2021-47130,0,0,0,0,0,0,0
CVE-2021-47131,0,1,1,0,0,0,0
CVE-2021-47132,0,0,0,0,0,0,0
CVE-2021-47133,0,0,0,0,0,0,0
CVE-2021-47134,0,0,0,0,0,0,0
CVE-2021-47135,0,0,0,0,0,0,0
CVE-2021-47136,0,0,0,0,0,0,0
CVE-2021-47137,0,0,0,0,0,0,0
CVE-2021-47138,0,0,0,0,0,0,0
CVE-2021-47139,0,0,0,0,0,0,0
CVE-2021-47140,0,0,0,0,0,0,0
CVE-2021-47141,0,0,0,0,0,0,0
CVE-2021-47143,0,1,1,0,0,0,0
CVE-2021-47146,0,0,0,0,0,0,0
CVE-2021-47147,0,0,0,0,0,0,0
CVE-2021-47148,0,0,0,0,0,0,0
CVE-2021-47150,1,0,0,0,0,0,0
CVE-2021-47151,0,0,0,0,0,0,0
CVE-2021-47152,0,0,0,0,0,0,0
CVE-2021-47153,0,0,0,0,0,0,0
CVE-2021-47158,0,0,0,0,0,0,0
CVE-2021-47159,1,0,0,0,0,0,0
CVE-2021-47160,0,0,0,0,0,0,0
CVE-2021-47161,0,0,0,0,0,0,0
CVE-2021-47162,0,0,0,0,0,0,0
CVE-2021-47163,1,1,0,0,0,0,0
CVE-2021-47164,0,0,0,0,0,0,0
CVE-2021-47165,0,0,0,0,0,0,0
CVE-2021-47166,0,0,0,0,0,0,0
CVE-2021-47167,1,1,0,0,0,0,0
CVE-2021-47168,0,0,0,0,0,0,0
CVE-2021-47171,0,0,0,0,0,0,0
CVE-2021-47172,0,0,0,0,0,0,0
CVE-2021-47173,0,0,0,0,0,0,0
CVE-2021-47174,0,0,0,0,0,0,0
CVE-2021-47175,0,0,0,0,0,0,0
CVE-2021-47176,0,0,0,0,0,0,0
CVE-2021-47177,0,0,0,0,0,0,0
CVE-2021-47178,0,0,0,0,0,0,0
CVE-2021-47179,0,0,0,0,0,0,0
CVE-2021-47180,0,0,0,0,0,0,0
CVE-2021-47184,0,0,0,0,0,0,0
CVE-2021-47188,1,1,1,1,0,0,0
CVE-2021-47189,0,0,0,0,0,0,0
CVE-2021-47190,0,0,0,0,0,0,0
CVE-2021-47192,0,0,0,0,0,0,0
CVE-2021-47194,0,0,0,0,0,0,0
CVE-2021-47195,0,0,0,0,0,0,0
CVE-2021-47196,0,0,0,0,0,0,0
CVE-2021-47197,0,0,0,0,0,0,0
CVE-2021-47199,0,0,0,1,0,0,0
CVE-2021-47200,0,0,0,1,0,0,0
CVE-2021-47201,1,1,0,0,0,0,0
CVE-2021-47204,0,1,0,0,0,0,0
CVE-2021-47209,0,0,0,0,0,0,0
CVE-2021-47212,0,0,1,1,0,0,0
CVE-2021-47214,0,0,0,0,0,0,0
CVE-2021-47215,0,0,0,0,0,0,0
CVE-2021-47217,0,0,0,0,0,0,0
CVE-2021-47218,0,0,0,0,0,0,0
CVE-2021-47220,0,0,0,0,0,0,0
CVE-2021-47222,0,0,0,0,0,0,0
CVE-2021-47223,0,0,0,0,0,0,0
CVE-2021-47225,0,0,0,0,0,0,0
CVE-2021-47226,0,0,1,0,0,0,0
CVE-2021-47227,0,0,0,0,0,0,0
CVE-2021-47228,0,0,0,0,0,0,0
CVE-2021-47230,0,0,0,0,0,0,0
CVE-2021-47231,0,0,0,0,0,0,0
CVE-2021-47232,0,0,0,0,0,0,0
CVE-2021-47235,0,0,0,0,0,0,0
CVE-2021-47236,0,0,0,0,0,0,0
CVE-2021-47237,0,0,0,0,0,0,0
CVE-2021-47238,0,0,0,0,0,0,0
CVE-2021-47239,0,0,0,0,0,0,0
CVE-2021-47240,0,0,0,0,0,0,0
CVE-2021-47241,0,0,0,0,0,0,0
CVE-2021-47242,0,0,0,0,0,0,0
CVE-2021-47243,0,0,0,0,0,0,0
CVE-2021-47244,0,0,0,0,0,0,0
CVE-2021-47245,0,0,0,0,0,0,0
CVE-2021-47246,0,1,0,0,0,0,0
CVE-2021-47247,0,0,1,1,0,0,0
CVE-2021-47248,0,0,0,0,0,0,0
CVE-2021-47249,0,0,0,0,0,0,0
CVE-2021-47250,0,0,0,0,0,0,0
CVE-2021-47251,0,0,0,0,0,0,0
CVE-2021-47252,0,0,0,0,0,0,0
CVE-2021-47255,0,0,0,0,0,0,0
CVE-2021-47256,0,0,0,0,0,0,0
CVE-2021-47259,0,0,0,0,0,0,0
CVE-2021-47260,0,0,0,0,0,0,0
CVE-2021-47261,0,0,0,0,0,0,0
CVE-2021-47262,0,0,0,0,0,0,0
CVE-2021-47263,0,0,0,0,0,0,0
CVE-2021-47264,0,0,0,0,0,0,0
CVE-2021-47265,1,1,1,1,0,0,0
CVE-2021-47266,0,0,0,0,0,0,0
CVE-2021-47268,0,0,0,0,0,0,0
CVE-2021-47270,0,0,0,0,0,0,0
CVE-2021-47271,0,0,0,0,0,0,0
CVE-2021-47272,0,0,0,0,0,0,0
CVE-2021-47273,0,0,0,0,0,0,0
CVE-2021-47274,0,0,0,0,0,0,0
CVE-2021-47276,0,0,0,0,0,0,0
CVE-2021-47278,0,0,0,0,0,0,0
CVE-2021-47279,0,0,0,0,0,0,0
CVE-2021-47282,0,0,0,0,0,0,0
CVE-2021-47286,0,0,0,0,0,0,0
CVE-2021-47287,0,0,0,0,0,0,0
CVE-2021-47288,0,0,0,0,0,0,0
CVE-2021-47290,0,0,0,0,0,0,0
CVE-2021-47291,0,0,0,0,0,0,0
CVE-2021-47292,0,0,0,0,0,0,0
CVE-2021-47293,1,0,0,0,0,0,0
CVE-2021-47294,0,0,0,0,0,0,0
CVE-2021-47295,1,1,0,0,0,0,0
CVE-2021-47296,0,0,0,0,0,0,0
CVE-2021-47297,0,0,0,0,0,0,0
CVE-2021-47298,0,0,0,0,0,0,0
CVE-2021-47299,0,0,0,0,0,0,0
CVE-2021-47300,0,0,0,0,0,0,0
CVE-2021-47301,0,0,0,0,0,0,0
CVE-2021-47302,0,0,0,0,0,0,0
CVE-2021-47303,0,0,0,0,0,0,0
CVE-2021-47304,0,0,0,0,0,0,0
CVE-2021-47305,0,0,0,0,0,0,0
CVE-2021-47306,0,0,0,0,0,0,0
CVE-2021-47309,0,0,0,0,0,0,0
CVE-2021-47310,0,0,0,0,0,0,0
CVE-2021-47311,0,0,0,0,0,0,0
CVE-2021-47312,0,0,0,0,0,0,0
CVE-2021-47313,0,0,0,0,0,0,0
CVE-2021-47314,0,0,0,0,0,0,0
CVE-2021-47315,0,0,0,0,0,0,0
CVE-2021-47316,0,0,0,0,0,0,0
CVE-2021-47317,0,0,0,0,0,0,0
CVE-2021-47318,0,0,0,0,0,0,0
CVE-2021-47320,0,0,0,0,0,0,0
CVE-2021-47322,0,0,0,0,0,0,0
CVE-2021-47337,0,0,0,0,0,0,0
CVE-2021-47338,0,0,0,0,0,0,0
CVE-2021-47341,0,0,0,0,0,0,0
CVE-2021-47344,0,0,0,0,0,0,0
CVE-2021-47346,1,0,0,0,0,0,0
CVE-2021-47349,0,0,0,0,0,0,0
CVE-2021-47350,1,1,0,0,0,0,0
CVE-2021-47351,1,1,0,0,0,0,0
CVE-2021-47358,0,0,0,0,0,0,0
CVE-2021-47360,0,0,0,0,0,0,0
CVE-2021-47361,0,0,0,0,0,0,0
CVE-2021-47363,0,0,0,0,0,0,0
CVE-2021-47364,0,0,0,0,0,0,0
CVE-2021-47365,0,0,0,0,0,0,0
CVE-2021-47366,1,1,1,1,0,0,0
CVE-2021-47367,0,0,0,0,0,0,0
CVE-2021-47368,0,0,0,0,0,0,0
CVE-2021-47369,0,0,0,0,0,0,0
CVE-2021-47370,0,0,0,0,0,0,0
CVE-2021-47371,0,0,0,0,0,0,0
CVE-2021-47373,0,0,0,0,0,0,0
CVE-2021-47375,0,0,0,0,0,0,0
CVE-2021-47381,0,0,1,1,0,0,0
CVE-2021-47382,0,0,0,0,0,0,0
CVE-2021-47387,0,0,0,0,0,0,0
CVE-2021-47388,0,0,0,0,0,0,0
CVE-2021-47389,0,0,0,0,0,0,0
CVE-2021-47390,0,0,0,0,0,0,0
CVE-2021-47391,1,1,1,0,0,0,0
CVE-2021-47392,0,0,0,0,0,0,0
CVE-2021-47393,0,0,0,0,0,0,0
CVE-2021-47394,0,0,0,0,0,0,0
CVE-2021-47395,0,0,0,0,0,0,0
CVE-2021-47396,1,1,0,0,0,0,0
CVE-2021-47397,0,0,0,0,0,0,0
CVE-2021-47398,0,0,0,0,0,0,0
CVE-2021-47399,0,0,1,0,0,0,0
CVE-2021-47400,0,0,0,0,0,0,0
CVE-2021-47401,0,0,0,0,0,0,0
CVE-2021-47402,0,0,0,0,0,0,0
CVE-2021-47403,0,0,0,0,0,0,0
CVE-2021-47413,0,0,0,0,0,0,0
CVE-2021-47414,0,1,1,0,0,0,0
CVE-2021-47415,0,0,0,0,0,0,0
CVE-2021-47416,0,0,0,0,0,0,0
CVE-2021-47417,0,0,0,0,0,0,0
CVE-2021-47418,0,0,0,0,0,0,0
CVE-2021-47419,0,0,0,0,0,0,0
CVE-2021-47421,0,0,0,1,0,0,0
CVE-2021-47422,0,0,0,0,0,0,0
CVE-2021-47423,0,0,0,0,0,0,0
CVE-2021-47424,0,0,0,0,0,0,0
CVE-2021-47425,0,0,0,0,0,0,0
CVE-2021-47426,0,0,0,0,0,0,0
CVE-2021-47427,0,0,0,0,0,0,0
CVE-2021-47428,0,0,1,0,0,0,0
CVE-2021-47429,0,0,0,0,0,0,0
CVE-2021-47430,0,0,0,0,0,0,0
CVE-2021-47436,0,0,0,0,0,0,0
CVE-2021-47437,0,0,0,0,0,0,0
CVE-2021-47438,1,1,1,0,0,0,0
CVE-2021-47439,0,0,0,0,0,0,0
CVE-2021-47440,0,0,0,0,0,0,0
CVE-2021-47441,0,0,0,0,0,0,0
CVE-2021-47442,0,0,0,0,0,0,0
CVE-2021-47443,0,0,0,0,0,0,0
CVE-2021-47444,0,0,0,0,0,0,0
CVE-2021-47445,0,0,0,0,0,0,0
CVE-2021-47446,0,0,0,0,0,0,0
CVE-2021-47447,0,0,0,0,0,0,0
CVE-2021-47448,0,0,0,1,0,0,0
CVE-2021-47449,0,0,0,0,0,0,0
CVE-2021-47450,0,0,0,0,0,0,0
CVE-2021-47451,0,0,0,0,0,0,0
CVE-2021-47452,0,0,0,0,0,0,0
CVE-2021-47453,0,0,0,0,0,0,0
CVE-2021-47454,0,0,0,0,0,0,0
CVE-2021-47455,0,0,0,1,0,0,0
CVE-2021-47456,0,0,0,0,0,0,0
CVE-2021-47457,0,0,0,0,0,0,0
CVE-2021-47459,0,0,0,0,0,0,0
CVE-2021-47460,0,0,0,0,0,0,0
CVE-2021-47461,0,0,0,0,0,0,0
CVE-2021-47462,0,0,0,0,0,0,0
CVE-2021-47463,0,0,0,0,0,0,0
CVE-2021-47464,0,0,0,0,0,0,0
CVE-2021-47465,0,0,0,0,0,0,0
CVE-2021-47466,1,1,0,0,0,0,0
CVE-2021-47470,0,0,0,0,0,0,0
CVE-2021-47471,0,0,0,0,0,0,0
CVE-2021-47473,1,1,1,0,0,0,0
CVE-2021-47474,0,0,0,0,0,0,0
CVE-2021-47475,0,0,0,0,0,0,0
CVE-2021-47476,0,0,0,0,0,0,0
CVE-2021-47477,0,0,0,0,0,0,0
CVE-2021-47479,1,1,1,0,0,0,0
CVE-2021-47481,0,0,0,0,0,0,0
CVE-2021-47482,0,0,0,0,0,0,0
CVE-2021-47483,0,0,0,0,0,0,0
CVE-2021-47484,0,0,0,1,0,0,0
CVE-2021-47485,0,0,0,0,0,0,0
CVE-2021-47486,0,0,0,0,0,0,0
CVE-2021-47488,0,0,0,0,0,0,0
CVE-2021-47489,0,0,0,1,0,0,0
CVE-2021-47491,0,0,1,0,0,0,0
CVE-2021-47492,0,0,1,0,0,0,0
CVE-2021-47494,0,0,0,0,0,0,0
CVE-2021-47496,0,1,0,0,0,0,0
CVE-2021-47497,0,0,0,0,0,0,0
CVE-2021-47499,0,0,0,0,0,0,0
CVE-2021-47500,0,0,0,0,0,0,0
CVE-2021-47501,1,1,1,0,0,0,0
CVE-2021-47502,0,0,0,0,0,0,0
CVE-2021-47503,0,0,0,0,0,0,0
CVE-2021-47505,0,0,0,0,0,0,0
CVE-2021-47507,0,0,0,0,0,0,0
CVE-2021-47510,0,0,0,0,0,0,0
CVE-2021-47512,0,0,0,0,0,0,0
CVE-2021-47513,0,0,0,0,0,0,0
CVE-2021-47514,0,0,0,0,0,0,0
CVE-2021-47515,0,0,0,0,0,0,0
CVE-2021-47516,0,0,0,0,0,0,0
CVE-2021-47517,0,0,0,0,0,0,0
CVE-2021-47518,0,0,0,0,0,0,0
CVE-2021-47519,0,0,0,0,0,0,0
CVE-2021-47520,0,0,0,0,0,0,0
CVE-2021-47521,0,0,0,0,0,0,0
CVE-2021-47523,1,1,1,0,0,0,0
CVE-2021-47524,0,0,0,0,0,0,0
CVE-2021-47525,0,0,0,0,0,0,0
CVE-2021-47526,0,0,0,0,0,0,0
CVE-2021-47527,0,0,0,0,0,0,0
CVE-2021-47528,0,0,0,0,0,0,0
CVE-2021-47529,0,0,0,0,0,0,0
CVE-2021-47530,0,0,0,0,0,0,0
CVE-2021-47531,0,0,0,0,0,0,0
CVE-2021-47532,0,0,0,0,0,0,0
CVE-2021-47533,0,0,0,0,0,0,0
CVE-2021-47534,0,0,0,0,0,0,0
CVE-2021-47535,0,0,0,0,0,0,0
CVE-2021-47536,0,0,0,0,0,0,0
CVE-2021-47537,0,0,0,0,0,0,0
CVE-2021-47538,0,0,0,0,0,0,0
CVE-2021-47539,0,0,0,0,0,0,0
CVE-2021-47540,0,0,0,0,0,0,0
CVE-2021-47541,0,0,0,0,0,0,0
CVE-2021-47542,0,0,0,0,0,0,0
CVE-2021-47544,1,1,1,0,0,0,0
CVE-2021-47546,0,0,0,0,0,0,0
CVE-2021-47549,0,0,0,0,0,0,0
CVE-2021-47553,0,0,0,0,0,0,0
CVE-2021-47554,0,0,0,0,0,0,0
CVE-2021-47555,0,0,0,0,0,0,0
CVE-2021-47556,0,0,0,0,0,0,0
CVE-2021-47557,0,0,0,0,0,0,0
CVE-2021-47558,0,0,0,1,0,0,0
CVE-2021-47559,0,1,1,0,0,0,0
CVE-2021-47560,0,0,1,0,0,0,0
CVE-2021-47561,0,0,0,0,0,0,0
CVE-2021-47562,0,0,0,0,0,0,0
CVE-2021-47563,0,0,0,0,0,0,0
CVE-2021-47564,0,0,0,0,0,0,0
CVE-2021-47565,0,0,0,0,0,0,0
CVE-2021-47566,0,0,0,0,0,0,0
CVE-2021-47567,0,0,0,0,0,0,0
CVE-2021-47568,0,0,0,0,0,0,0
CVE-2021-47569,0,0,0,0,0,0,0
CVE-2021-47570,0,0,0,0,0,0,0
CVE-2021-47571,0,0,0,0,0,0,0
CVE-2021-47572,0,0,0,0,0,0,0
CVE-2022-0264,0,0,0,0,0,0,0
CVE-2022-0286,0,0,0,0,0,0,0
CVE-2022-0322,0,0,0,0,0,0,0
CVE-2022-0433,0,0,0,0,0,0,0
CVE-2022-0435,0,0,0,0,0,0,0
CVE-2022-0492,0,0,0,0,0,0,0
CVE-2022-0500,0,0,0,1,0,0,0
CVE-2022-0516,0,0,0,0,0,0,0
CVE-2022-0617,0,0,0,0,0,0,0
CVE-2022-0644,0,0,0,0,0,0,0
CVE-2022-0646,0,0,0,0,0,0,0
CVE-2022-0742,0,0,0,0,0,0,0
CVE-2022-0812,0,0,0,0,0,0,0
CVE-2022-0847,0,0,0,0,0,0,0
CVE-2022-0850,0,0,0,0,0,0,0
CVE-2022-0854,0,0,0,0,0,0,0
CVE-2022-0995,0,0,0,0,0,0,0
CVE-2022-1011,0,0,0,0,0,0,0
CVE-2022-1015,1,1,1,0,0,0,0
CVE-2022-1016,0,0,0,0,0,0,0
CVE-2022-1043,0,0,0,0,0,0,0
CVE-2022-1055,0,0,0,0,0,0,0
CVE-2022-1116,0,0,0,0,0,0,0
CVE-2022-1158,0,0,0,0,0,0,0
CVE-2022-1195,0,0,0,0,0,0,0
CVE-2022-1199,0,0,0,0,0,0,0
CVE-2022-1204,0,0,0,0,0,0,0
CVE-2022-1205,0,0,0,0,0,0,0
CVE-2022-1462,0,0,0,0,0,0,0
CVE-2022-1516,0,0,0,0,0,0,0
CVE-2022-1651,0,0,0,0,0,0,0
CVE-2022-1671,0,0,0,0,0,0,0
CVE-2022-1678,0,0,0,0,0,0,0
CVE-2022-1679,0,0,0,0,0,0,0
CVE-2022-1729,0,0,0,0,0,0,0
CVE-2022-1734,0,0,0,0,0,0,0
CVE-2022-1852,0,0,0,0,0,0,0
CVE-2022-1943,0,0,0,0,0,0,0
CVE-2022-1966,0,0,0,0,0,0,0
CVE-2022-1972,0,0,0,0,0,0,0
CVE-2022-1974,0,0,0,0,0,0,0
CVE-2022-1975,0,0,0,0,0,0,0
CVE-2022-1976,0,0,0,0,0,0,0
CVE-2022-1998,0,0,0,0,0,0,0
CVE-2022-20008,0,0,0,0,0,0,0
CVE-2022-20148,0,0,0,0,0,0,0
CVE-2022-20154,0,0,0,0,0,0,0
CVE-2022-20158,0,0,0,0,0,0,0
CVE-2022-20368,0,0,0,0,0,0,0
CVE-2022-20369,0,0,0,0,0,0,0
CVE-2022-20409,0,0,0,0,0,0,0
CVE-2022-20423,0,0,0,0,0,0,0
CVE-2022-20567,0,0,0,0,0,0,0
CVE-2022-20572,0,0,0,0,0,0,0
CVE-2022-2078,0,0,0,0,0,0,0
CVE-2022-21505,0,0,0,0,0,0,0
CVE-2022-2196,0,0,0,0,0,0,0
CVE-2022-22942,0,0,0,0,0,0,0
CVE-2022-2308,0,0,0,0,0,0,0
CVE-2022-2318,0,0,0,0,0,0,0
CVE-2022-23222,0,0,0,1,0,0,0
CVE-2022-24122,0,0,0,0,0,0,0
CVE-2022-24448,0,0,0,0,0,0,0
CVE-2022-24959,0,0,0,0,0,0,0
CVE-2022-2503,0,0,0,0,0,0,0
CVE-2022-25636,0,0,0,0,0,0,0
CVE-2022-2585,0,0,0,0,0,0,0
CVE-2022-2586,1,0,0,0,0,0,0
CVE-2022-2590,0,0,0,0,0,0,0
CVE-2022-2602,0,0,0,0,0,0,0
CVE-2022-2639,0,0,0,0,0,0,0
CVE-2022-2663,0,0,0,0,0,0,0
CVE-2022-26878,0,0,0,0,0,0,0
CVE-2022-27666,0,0,0,0,0,0,0
CVE-2022-2785,0,0,0,0,0,0,0
CVE-2022-27950,0,0,0,0,0,0,0
CVE-2022-28356,0,0,0,0,0,0,0
CVE-2022-28388,0,0,0,0,0,0,0
CVE-2022-28389,0,0,0,0,0,0,0
CVE-2022-28390,0,0,0,0,0,0,0
CVE-2022-2873,0,0,0,0,0,0,0
CVE-2022-28796,0,0,0,0,0,0,0
CVE-2022-28893,0,0,0,0,0,0,0
CVE-2022-2905,0,0,0,0,0,0,0
CVE-2022-29156,0,0,0,0,0,0,0
CVE-2022-2938,0,0,0,0,0,0,0
CVE-2022-29581,0,0,0,0,0,0,0
CVE-2022-2959,0,0,0,0,0,0,0
CVE-2022-2964,0,0,0,0,0,0,0
CVE-2022-2977,0,0,0,0,0,0,0
CVE-2022-29968,0,0,0,0,0,0,0
CVE-2022-3028,0,0,0,0,0,0,0
CVE-2022-30594,0,0,0,0,0,0,0
CVE-2022-3077,0,0,0,0,0,0,0
CVE-2022-3078,0,0,0,0,0,0,0
CVE-2022-3103,0,0,0,0,0,0,0
CVE-2022-3104,0,0,0,0,0,0,0
CVE-2022-3105,0,0,0,0,0,0,0
CVE-2022-3106,0,0,0,0,0,0,0
CVE-2022-3107,0,0,0,0,0,0,0
CVE-2022-3108,0,1,1,1,0,0,0
CVE-2022-3110,0,0,0,0,0,0,0
CVE-2022-3111,0,0,0,0,0,0,0
CVE-2022-3112,0,0,0,0,0,0,0
CVE-2022-3113,0,0,0,0,0,0,0
CVE-2022-3114,0,0,0,0,1,0,0
CVE-2022-3115,1,1,0,0,0,0,0
CVE-2022-3170,0,0,0,0,0,0,0
CVE-2022-3176,0,0,0,1,1,0,0
CVE-2022-32250,0,0,0,0,0,0,0
CVE-2022-3239,0,0,0,0,0,0,0
CVE-2022-32981,0,0,0,0,0,0,0
CVE-2022-33743,0,0,0,0,0,0,0
CVE-2022-3424,0,0,0,0,0,0,0
CVE-2022-3435,0,0,0,0,0,0,0
CVE-2022-34494,0,0,0,0,0,0,0
CVE-2022-34495,0,0,0,0,0,0,0
CVE-2022-34918,1,1,1,0,0,0,0
CVE-2022-3521,0,0,0,0,0,0,0
CVE-2022-3524,0,0,0,0,0,0,0
CVE-2022-3526,0,0,0,0,0,0,0
CVE-2022-3531,0,0,0,0,0,0,0
CVE-2022-3532,0,0,0,0,0,0,0
CVE-2022-3533,0,0,0,0,0,0,0
CVE-2022-3534,0,0,0,0,0,0,0
CVE-2022-3535,0,0,0,0,0,0,0
CVE-2022-3541,0,0,0,0,0,0,0
CVE-2022-3542,0,0,0,0,0,0,0
CVE-2022-3543,0,0,0,0,0,0,0
CVE-2022-3544,0,0,0,0,0,0,0
CVE-2022-3564,0,0,0,0,0,0,0
CVE-2022-3565,0,0,0,0,0,0,0
CVE-2022-3566,1,1,1,1,1,0,0
CVE-2022-3567,1,1,1,1,1,0,0
CVE-2022-3586,0,0,0,0,0,0,0
CVE-2022-3595,0,0,0,0,0,0,0
CVE-2022-3606,0,0,0,0,0,0,0
CVE-2022-3619,0,0,0,0,0,0,0
CVE-2022-3623,0,0,0,0,0,0,0
CVE-2022-3624,0,0,0,0,0,0,0
CVE-2022-3625,0,0,0,0,0,0,0
CVE-2022-36280,0,0,0,0,0,0,0
CVE-2022-3629,0,0,0,0,0,0,0
CVE-2022-3630,0,0,0,0,0,0,0
CVE-2022-3633,0,0,0,0,0,0,0
CVE-2022-3635,0,0,0,0,0,0,0
CVE-2022-3636,0,0,0,0,0,0,0
CVE-2022-3640,0,0,0,0,0,0,0
CVE-2022-36402,1,1,1,0,0,0,0
CVE-2022-3643,0,0,0,0,0,0,0
CVE-2022-3646,0,0,0,0,0,0,0
CVE-2022-36879,0,0,0,0,0,0,0
CVE-2022-36946,0,0,0,0,0,0,0
CVE-2022-3707,0,0,0,0,0,0,0
CVE-2022-38457,0,0,1,1,1,0,0
CVE-2022-3910,0,0,0,0,0,0,0
CVE-2022-39190,0,0,0,0,0,0,0
CVE-2022-3977,0,0,0,0,0,0,0
CVE-2022-40133,0,0,1,1,1,0,0
CVE-2022-40476,0,0,0,0,0,0,0
CVE-2022-4095,0,0,0,0,0,0,0
CVE-2022-41222,0,0,0,0,0,0,0
CVE-2022-4127,0,0,0,0,0,0,0
CVE-2022-4128,0,0,0,0,0,0,0
CVE-2022-4129,1,1,0,0,0,0,0
CVE-2022-4139,0,0,0,0,0,0,0
CVE-2022-41674,0,0,0,0,0,0,0
CVE-2022-42328,0,0,0,0,0,0,0
CVE-2022-42329,0,0,0,0,0,0,0
CVE-2022-42432,0,0,0,0,0,0,0
CVE-2022-42703,0,0,0,0,0,0,0
CVE-2022-42719,0,0,0,0,1,0,0
CVE-2022-42720,0,0,0,0,0,0,0
CVE-2022-42721,0,0,0,0,0,0,0
CVE-2022-42722,0,0,0,0,0,0,0
CVE-2022-43750,0,0,0,0,0,0,0
CVE-2022-4382,0,0,0,0,0,0,0
CVE-2022-43945,0,0,0,0,0,0,0
CVE-2022-45869,0,0,0,0,0,0,0
CVE-2022-47929,0,0,0,0,0,0,0
CVE-2022-47938,0,0,0,0,0,0,0
CVE-2022-47939,0,0,0,0,0,0,0
CVE-2022-47941,0,0,0,0,0,0,0
CVE-2022-47942,0,0,0,0,0,0,0
CVE-2022-47943,0,0,0,0,0,0,0
CVE-2022-48627,1,0,0,0,0,0,0
CVE-2022-48629,0,0,0,0,0,0,0
CVE-2022-48630,1,0,0,0,0,0,0
CVE-2022-48632,0,0,0,0,0,0,0
CVE-2022-48635,0,0,0,0,0,0,0
CVE-2022-48636,0,0,0,0,0,0,0
CVE-2022-48637,0,0,0,0,0,0,0
CVE-2022-48638,0,0,0,0,0,0,0
CVE-2022-48639,0,0,0,0,0,0,0
CVE-2022-48640,0,0,0,0,0,0,0
CVE-2022-48641,0,0,0,0,0,0,0
CVE-2022-48642,0,0,1,0,0,0,0
CVE-2022-48643,0,0,0,0,0,0,0
CVE-2022-48644,0,0,0,0,0,0,0
CVE-2022-48645,0,0,0,1,0,0,0
CVE-2022-48646,0,0,0,1,1,0,0
CVE-2022-48647,0,0,0,0,0,0,0
CVE-2022-48648,0,0,0,0,0,0,0
CVE-2022-48649,0,0,0,0,0,0,0
CVE-2022-48650,0,0,0,0,0,0,0
CVE-2022-48651,0,0,0,0,0,0,0
CVE-2022-48652,0,0,0,0,0,0,0
CVE-2022-48653,0,0,0,0,0,0,0
CVE-2022-48654,0,0,0,0,0,0,0
CVE-2022-48656,0,0,0,0,0,0,0
CVE-2022-48657,0,0,0,0,0,0,0
CVE-2022-48658,0,0,0,0,0,0,0
CVE-2022-48659,0,0,0,0,0,0,0
CVE-2022-48660,0,0,0,0,0,0,0
CVE-2022-48661,0,0,0,0,0,0,0
CVE-2022-48662,0,0,0,0,0,0,0
CVE-2022-48663,0,0,0,0,0,0,0
CVE-2022-48664,0,0,1,0,0,0,0
CVE-2022-48665,0,0,0,0,0,0,0
CVE-2022-48666,0,0,0,1,1,0,0
CVE-2022-48667,0,0,0,0,1,0,0
CVE-2022-48668,0,0,0,0,1,0,0
CVE-2022-48669,0,0,0,0,0,0,0
CVE-2022-48671,0,0,0,0,0,0,0
CVE-2022-48672,0,0,0,0,0,0,0
CVE-2022-48673,1,1,1,1,1,0,0
CVE-2022-48674,0,0,1,1,0,0,0
CVE-2022-48675,0,0,0,0,0,0,0
CVE-2022-48686,0,0,0,0,0,0,0
CVE-2022-48687,0,0,0,0,0,0,0
CVE-2022-48688,1,0,0,0,0,0,0
CVE-2022-48689,0,0,0,0,0,0,0
CVE-2022-48690,0,0,0,0,0,0,0
CVE-2022-48691,0,0,0,0,0,0,0
CVE-2022-48692,0,0,0,0,0,0,0
CVE-2022-48693,0,0,0,0,0,0,0
CVE-2022-48694,0,0,0,0,0,0,0
CVE-2022-48697,1,0,0,0,0,0,0
CVE-2022-48705,0,0,0,0,0,0,0
CVE-2022-48707,0,0,0,0,0,0,0
CVE-2022-48708,0,0,0,0,0,0,0
CVE-2022-48709,0,0,0,0,0,0,0
CVE-2023-0160,0,0,0,0,0,0,0
CVE-2023-0179,0,0,0,0,0,0,0
CVE-2023-0210,0,0,0,0,0,0,0
CVE-2023-0386,0,0,0,0,0,0,0
CVE-2023-0394,0,0,0,0,0,0,0
CVE-2023-0461,0,0,0,0,0,0,0
CVE-2023-0468,0,0,0,0,0,0,0
CVE-2023-0469,0,0,0,0,0,0,0
CVE-2023-0590,0,0,0,0,0,0,0
CVE-2023-0615,0,0,0,0,0,0,0
CVE-2023-1032,0,0,0,0,0,0,0
CVE-2023-1073,0,0,0,0,0,0,0
CVE-2023-1074,0,0,0,0,0,0,0
CVE-2023-1075,0,0,1,1,1,0,0
CVE-2023-1076,1,1,0,0,0,0,0
CVE-2023-1077,1,0,0,0,0,0,0
CVE-2023-1078,0,0,0,0,0,0,0
CVE-2023-1079,0,0,0,0,0,0,0
CVE-2023-1095,0,0,0,0,0,0,0
CVE-2023-1118,0,0,0,0,0,0,0
CVE-2023-1192,1,1,1,1,1,0,0
CVE-2023-1195,0,0,0,0,0,0,0
CVE-2023-1206,0,0,0,0,0,0,0
CVE-2023-1249,1,1,1,0,0,0,0
CVE-2023-1252,0,0,0,0,0,0,0
CVE-2023-1281,1,1,1,0,0,0,0
CVE-2023-1382,1,0,0,0,0,0,0
CVE-2023-1390,0,0,0,0,0,0,0
CVE-2023-1476,0,0,0,0,0,0,0
CVE-2023-1582,1,1,1,0,0,0,0
CVE-2023-1583,0,0,0,0,0,0,0
CVE-2023-1637,0,0,0,0,0,0,0
CVE-2023-1652,0,0,0,0,0,0,0
CVE-2023-1670,0,0,0,0,0,0,0
CVE-2023-1855,0,0,0,0,0,0,0
CVE-2023-1859,0,0,0,0,0,0,0
CVE-2023-1872,0,0,0,0,0,0,0
CVE-2023-1989,0,0,0,0,0,0,0
CVE-2023-1990,0,0,0,0,0,0,0
CVE-2023-1998,0,0,0,0,0,0,0
CVE-2023-2002,0,0,0,0,0,0,0
CVE-2023-2006,0,0,0,0,0,0,0
CVE-2023-2008,0,0,0,0,0,0,0
CVE-2023-2019,0,0,0,0,0,0,0
CVE-2023-20928,0,1,1,1,0,0,0
CVE-2023-20938,0,0,0,0,0,0,0
CVE-2023-21102,0,0,0,0,0,0,0
CVE-2023-21106,0,0,0,0,0,0,0
CVE-2023-21255,0,0,0,0,0,0,0
CVE-2023-21264,0,0,0,0,0,1,0
CVE-2023-2156,0,0,0,0,0,0,0
CVE-2023-2163,0,0,0,0,0,0,0
CVE-2023-2166,0,0,0,0,0,0,0
CVE-2023-2177,0,1,0,0,0,0,0
CVE-2023-2194,0,0,0,0,0,0,0
CVE-2023-2235,0,0,0,0,0,0,0
CVE-2023-2236,0,0,0,0,0,0,0
CVE-2023-2248,0,0,0,0,0,0,0
CVE-2023-22996,0,0,0,0,0,0,0
CVE-2023-22997,0,0,0,0,0,0,0
CVE-2023-22998,0,0,0,0,0,0,0
CVE-2023-22999,0,0,0,0,0,0,0
CVE-2023-23001,0,0,0,0,0,0,0
CVE-2023-23002,0,0,0,0,0,0,0
CVE-2023-23005,0,0,0,0,0,1,0
CVE-2023-23006,0,0,0,0,0,0,0
CVE-2023-23454,0,0,0,0,0,0,0
CVE-2023-23559,0,0,0,0,0,0,0
CVE-2023-25012,0,0,0,0,0,0,0
CVE-2023-25775,0,0,0,0,0,0,0
CVE-2023-2598,0,0,0,0,0,0,0
CVE-2023-26545,0,0,0,0,0,0,0
CVE-2023-26605,0,0,0,0,0,0,0
CVE-2023-26606,0,0,0,0,0,0,0
CVE-2023-28327,0,0,0,0,0,0,0
CVE-2023-28328,0,0,0,0,0,0,0
CVE-2023-28410,0,0,0,1,1,0,0
CVE-2023-28464,0,0,0,0,0,0,0
CVE-2023-28466,1,1,0,0,0,0,0
CVE-2023-2860,0,0,0,0,0,0,0
CVE-2023-28772,0,0,0,0,0,0,0
CVE-2023-28866,0,0,0,0,0,0,0
CVE-2023-2898,0,0,0,0,0,0,0
CVE-2023-3022,0,0,0,0,0,0,0
CVE-2023-30772,0,0,0,0,0,0,0
CVE-2023-3090,0,0,0,0,0,0,0
CVE-2023-3106,0,0,0,0,0,0,0
CVE-2023-31085,0,0,0,0,0,0,0
CVE-2023-3117,1,1,1,0,0,0,0
CVE-2023-31248,0,0,0,0,0,0,0
CVE-2023-31436,0,0,0,0,0,0,0
CVE-2023-3161,0,0,0,0,0,0,0
CVE-2023-3220,0,0,0,0,0,0,0
CVE-2023-32269,0,0,0,0,0,0,0
CVE-2023-3268,1,0,0,0,0,0,0
CVE-2023-3312,0,0,0,0,0,0,0
CVE-2023-33250,0,0,0,0,0,0,0
CVE-2023-33288,1,1,1,0,0,0,0
CVE-2023-3355,0,0,0,0,0,0,0
CVE-2023-3357,0,0,0,0,0,0,0
CVE-2023-3358,0,0,0,0,0,0,0
CVE-2023-3359,0,0,0,0,0,0,0
CVE-2023-3390,1,1,1,0,0,0,0
CVE-2023-33951,0,0,0,0,0,1,0
CVE-2023-33952,0,0,0,0,0,1,0
CVE-2023-34256,0,0,0,0,0,0,0
CVE-2023-34319,0,0,0,0,0,0,0
CVE-2023-34324,0,0,0,0,0,0,0
CVE-2023-3439,0,0,0,0,1,0,0
CVE-2023-35001,0,0,0,0,0,0,0
CVE-2023-3567,0,0,0,0,0,0,0
CVE-2023-35788,0,0,0,0,0,0,0
CVE-2023-35823,0,0,0,0,0,0,0
CVE-2023-35824,0,0,0,0,0,0,0
CVE-2023-35826,0,0,0,0,0,0,0
CVE-2023-35827,1,1,0,0,0,0,0
CVE-2023-35828,0,0,0,0,0,0,0
CVE-2023-35829,0,0,0,0,0,0,0
CVE-2023-3609,0,0,0,0,0,0,0
CVE-2023-3610,0,0,0,0,0,0,0
CVE-2023-3611,0,0,0,0,0,0,0
CVE-2023-37453,0,0,0,0,0,0,0
CVE-2023-3772,0,0,0,0,0,0,0
CVE-2023-3773,0,0,0,0,0,0,0
CVE-2023-3776,0,0,0,0,0,0,0
CVE-2023-3777,0,0,0,0,0,0,0
CVE-2023-3812,0,0,0,0,0,0,0
CVE-2023-38409,0,0,0,0,0,0,0
CVE-2023-3863,1,1,0,0,0,0,0
CVE-2023-39189,1,0,0,0,0,0,0
CVE-2023-39191,0,0,0,0,0,1,0
CVE-2023-39192,0,0,0,0,0,0,0
CVE-2023-39193,0,0,0,0,0,0,0
CVE-2023-39194,0,0,0,0,0,0,0
CVE-2023-39197,1,1,0,0,0,0,0
CVE-2023-4004,0,0,0,0,0,0,0
CVE-2023-4015,0,0,0,0,0,0,0
CVE-2023-40791,0,0,0,0,0,0,0
CVE-2023-4128,0,0,0,0,0,0,0
CVE-2023-4132,0,0,0,0,0,0,0
CVE-2023-4133,0,1,1,1,1,1,0
CVE-2023-4134,1,1,1,1,1,1,0
CVE-2023-4147,0,0,0,0,0,0,0
CVE-2023-4155,0,0,0,0,1,0,0
CVE-2023-4194,0,0,0,0,0,0,0
CVE-2023-4206,0,0,0,0,0,0,0
CVE-2023-4207,0,0,0,0,0,0,0
CVE-2023-4208,0,0,0,0,0,0,0
CVE-2023-4244,0,0,0,0,0,0,0
CVE-2023-42752,0,0,0,0,0,0,0
CVE-2023-42753,0,0,0,0,0,0,0
CVE-2023-42754,0,0,0,0,0,0,0
CVE-2023-42756,0,0,0,0,0,0,0
CVE-2023-4387,0,0,0,0,0,0,0
CVE-2023-4389,0,0,0,0,0,0,0
CVE-2023-4394,0,0,0,0,0,0,0
CVE-2023-44466,0,0,0,0,0,0,0
CVE-2023-4459,0,0,0,0,0,0,0
CVE-2023-4563,0,0,0,0,0,0,0
CVE-2023-4569,0,0,0,0,0,0,0
CVE-2023-45863,0,0,0,0,0,0,0
CVE-2023-45871,0,0,0,0,0,0,0
CVE-2023-45898,0,0,0,0,0,0,0
CVE-2023-4611,0,0,0,0,0,0,0
CVE-2023-4622,1,1,1,1,1,0,0
CVE-2023-4623,0,0,0,0,0,0,0
CVE-2023-46343,0,0,0,0,0,0,0
CVE-2023-46813,0,0,0,0,0,0,0
CVE-2023-47233,1,0,0,0,0,0,0
CVE-2023-4732,0,0,0,0,0,0,0
CVE-2023-4881,0,0,0,0,0,0,0
CVE-2023-4921,0,0,0,0,0,0,0
CVE-2023-50431,0,0,0,0,0,0,0
CVE-2023-5090,0,0,0,0,0,0,0
CVE-2023-5158,0,0,0,0,0,0,0
CVE-2023-51779,1,1,1,0,0,0,0
CVE-2023-51780,0,0,0,0,0,0,0
CVE-2023-51781,0,0,0,0,0,0,0
CVE-2023-51782,0,0,0,0,0,0,0
CVE-2023-5197,0,0,0,0,0,0,0
CVE-2023-52433,0,0,0,0,0,0,0
CVE-2023-52435,1,1,0,0,0,0,0
CVE-2023-52438,0,0,0,0,0,0,0
CVE-2023-52439,0,0,0,0,0,0,0
CVE-2023-52443,1,0,0,0,0,0,0
CVE-2023-52444,1,0,0,0,0,0,0
CVE-2023-52445,1,0,0,0,0,0,0
CVE-2023-52446,0,0,0,0,0,0,0
CVE-2023-52447,0,0,0,0,0,0,0
CVE-2023-52448,0,0,0,0,0,0,0
CVE-2023-52449,1,0,0,0,0,0,0
CVE-2023-52450,0,0,0,0,0,0,0
CVE-2023-52451,1,0,0,0,0,0,0
CVE-2023-52453,0,0,0,0,0,0,0
CVE-2023-52454,0,0,0,0,0,0,0
CVE-2023-52455,0,0,0,0,0,0,0
CVE-2023-52456,0,0,0,0,0,0,0
CVE-2023-52457,0,0,0,0,0,0,0
CVE-2023-52459,0,0,0,0,0,0,0
CVE-2023-52460,0,0,0,0,0,0,0
CVE-2023-52461,0,0,0,0,0,0,0
CVE-2023-52462,0,0,0,0,0,0,0
CVE-2023-52463,0,0,0,0,0,0,0
CVE-2023-52464,1,0,0,0,0,0,0
CVE-2023-52465,0,0,0,0,0,0,0
CVE-2023-52467,0,0,0,0,0,0,0
CVE-2023-52468,0,0,0,0,0,0,0
CVE-2023-52469,1,0,0,0,0,0,0
CVE-2023-52470,1,0,0,0,0,0,0
CVE-2023-52471,0,0,0,0,0,0,0
CVE-2023-52472,0,0,0,0,0,0,0
CVE-2023-52473,0,0,0,0,0,0,0
CVE-2023-52474,1,1,1,0,0,0,0
CVE-2023-52483,0,0,0,0,0,0,0
CVE-2023-52487,0,0,0,0,0,0,0
CVE-2023-52488,1,1,1,0,0,0,0
CVE-2023-52489,0,0,1,0,0,0,0
CVE-2023-52490,0,0,0,0,0,0,0
CVE-2023-52491,1,1,1,0,0,0,0
CVE-2023-52492,0,0,0,0,0,0,0
CVE-2023-52493,0,0,0,0,0,0,0
CVE-2023-52494,0,0,0,0,0,0,0
CVE-2023-52495,0,0,0,0,0,0,0
CVE-2023-52497,0,0,1,0,0,0,0
CVE-2023-52499,0,0,0,0,0,0,0
CVE-2023-52502,1,0,0,0,0,0,0
CVE-2023-52503,0,0,0,0,0,0,0
CVE-2023-52504,0,0,0,0,0,0,0
CVE-2023-52505,0,0,0,0,0,0,0
CVE-2023-52507,0,0,0,0,0,0,0
CVE-2023-52509,1,1,0,0,0,0,0
CVE-2023-52510,0,0,0,0,0,0,0
CVE-2023-52512,0,0,0,0,0,0,0
CVE-2023-52513,0,0,0,0,0,0,0
CVE-2023-52515,1,1,1,0,0,0,0
CVE-2023-52518,0,0,0,0,0,0,0
CVE-2023-52519,0,0,0,0,0,0,0
CVE-2023-52520,0,0,0,0,0,0,0
CVE-2023-52522,1,1,0,0,0,0,0
CVE-2023-52523,0,0,0,0,0,0,0
CVE-2023-52524,0,0,0,0,0,0,0
CVE-2023-52525,0,0,0,0,0,0,0
CVE-2023-52526,0,0,0,0,0,0,0
CVE-2023-52527,0,0,0,0,0,0,0
CVE-2023-52528,0,0,0,0,0,0,0
CVE-2023-52529,0,0,0,0,0,0,0
CVE-2023-52530,1,1,1,1,1,0,0
CVE-2023-52531,1,1,1,1,0,0,0
CVE-2023-52532,0,0,0,0,1,0,0
CVE-2023-52559,0,0,0,0,0,0,0
CVE-2023-52560,0,0,0,0,0,0,0
CVE-2023-52562,0,0,0,0,0,0,0
CVE-2023-52563,0,0,0,0,0,0,0
CVE-2023-52564,0,0,0,0,0,0,0
CVE-2023-52565,0,0,0,0,0,0,0
CVE-2023-52566,0,0,0,0,0,0,0
CVE-2023-52567,0,0,0,0,0,0,0
CVE-2023-52568,0,0,0,0,0,0,0
CVE-2023-52570,0,0,0,0,0,0,0
CVE-2023-52571,0,0,0,0,0,0,0
CVE-2023-52572,1,1,1,1,1,0,0
CVE-2023-52573,0,0,0,0,0,0,0
CVE-2023-52574,0,0,0,0,0,0,0
CVE-2023-52575,0,0,0,0,0,0,0
CVE-2023-52576,0,0,0,0,1,0,0
CVE-2023-52577,0,0,0,0,0,0,0
CVE-2023-52578,1,0,0,0,0,0,0
CVE-2023-52580,0,0,0,0,0,0,0
CVE-2023-52581,0,0,0,0,0,0,0
CVE-2023-52582,0,0,0,0,1,0,0
CVE-2023-52608,0,0,0,1,0,0,0
CVE-2023-52609,1,0,0,0,0,0,0
CVE-2023-52610,0,0,1,1,0,0,0
CVE-2023-52611,0,0,0,0,0,0,0
CVE-2023-52612,1,0,0,0,0,0,0
CVE-2023-52613,0,0,0,0,0,0,0
CVE-2023-52614,1,1,1,0,0,0,0
CVE-2023-52615,1,0,0,0,0,0,0
CVE-2023-52616,0,0,0,0,0,0,0
CVE-2023-52626,0,0,0,0,0,0,0
CVE-2023-52627,0,0,0,0,0,0,0
CVE-2023-52628,0,0,0,0,0,0,0
CVE-2023-52629,1,1,1,1,1,1,0
CVE-2023-52630,0,0,0,0,0,0,0
CVE-2023-52631,0,0,0,0,0,0,0
CVE-2023-52636,0,0,0,0,0,0,0
CVE-2023-52637,0,0,0,0,0,0,0
CVE-2023-52639,1,1,1,1,1,0,0
CVE-2023-52643,0,0,0,0,0,0,0
CVE-2023-52644,1,0,0,0,0,0,0
CVE-2023-52645,0,0,0,0,0,0,0
CVE-2023-52646,0,0,0,0,0,0,0
CVE-2023-52647,0,0,0,0,0,0,0
CVE-2023-52648,0,0,0,0,0,1,0
CVE-2023-52649,0,0,0,0,0,0,0
CVE-2023-52650,1,0,0,0,0,0,0
CVE-2023-52652,1,1,1,1,0,0,0
CVE-2023-52653,1,1,1,1,1,1,0
CVE-2023-52654,0,0,0,0,0,0,0
CVE-2023-52658,0,0,0,0,0,0,0
CVE-2023-52659,0,0,0,0,0,0,0
CVE-2023-52661,0,0,0,0,0,0,0
CVE-2023-52662,0,0,0,0,0,0,0
CVE-2023-52663,0,0,0,0,0,0,0
CVE-2023-52667,0,0,0,0,0,0,0
CVE-2023-52668,0,0,0,0,0,0,0
CVE-2023-52669,1,1,1,0,0,0,0
CVE-2023-52670,1,0,0,0,0,0,0
CVE-2023-52672,0,0,0,0,0,0,0
CVE-2023-52674,0,0,1,1,0,0,0
CVE-2023-52675,1,0,0,0,0,0,0
CVE-2023-52677,0,0,0,1,0,0,0
CVE-2023-52678,0,0,0,0,0,0,0
CVE-2023-52679,0,0,0,0,0,0,0
CVE-2023-52680,0,0,1,1,0,0,0
CVE-2023-52681,0,0,0,0,0,0,0
CVE-2023-52682,0,0,0,1,1,0,0
CVE-2023-52683,0,0,0,0,0,0,0
CVE-2023-52684,0,0,0,0,0,0,0
CVE-2023-52685,1,0,0,0,0,0,0
CVE-2023-52686,1,0,0,0,0,0,0
CVE-2023-52687,0,0,0,0,0,0,0
CVE-2023-52688,0,0,0,0,0,0,0
CVE-2023-52689,0,0,0,0,0,0,0
CVE-2023-52690,0,0,0,0,0,0,0
CVE-2023-52691,1,0,0,0,0,0,0
CVE-2023-52692,0,0,0,0,0,0,0
CVE-2023-52693,1,0,0,0,0,0,0
CVE-2023-52694,0,0,0,0,0,0,0
CVE-2023-52695,0,0,0,0,0,0,0
CVE-2023-52696,0,0,0,0,0,0,0
CVE-2023-52697,0,0,0,0,0,0,0
CVE-2023-52698,1,0,0,0,0,0,0
CVE-2023-52700,1,1,1,1,1,0,0
CVE-2023-52701,0,0,0,0,0,0,0
CVE-2023-52702,0,0,0,0,0,0,0
CVE-2023-52703,0,0,0,0,0,0,0
CVE-2023-52704,0,0,0,0,0,0,0
CVE-2023-52706,0,0,0,0,0,0,0
CVE-2023-52707,0,0,0,0,0,0,0
CVE-2023-52708,1,1,0,0,0,0,0
CVE-2023-52730,0,0,0,0,0,0,0
CVE-2023-52731,0,0,0,0,0,0,0
CVE-2023-52738,0,0,0,0,0,0,0
CVE-2023-52739,0,0,0,0,0,0,0
CVE-2023-52740,0,0,0,0,0,0,0
CVE-2023-52742,0,0,0,0,0,0,0
CVE-2023-52743,0,1,0,0,0,0,0
CVE-2023-52744,0,0,0,0,0,0,0
CVE-2023-52745,0,0,0,0,0,0,0
CVE-2023-52746,0,0,0,0,0,0,0
CVE-2023-52747,0,0,0,0,0,0,0
CVE-2023-52765,0,0,0,0,0,0,0
CVE-2023-52767,0,0,0,0,0,0,0
CVE-2023-52768,0,0,0,0,0,0,0
CVE-2023-52769,0,0,0,0,0,0,0
CVE-2023-52770,0,0,0,0,0,0,0
CVE-2023-52771,0,0,0,0,0,1,0
CVE-2023-52772,0,0,0,0,0,0,0
CVE-2023-52773,0,0,0,0,0,0,0
CVE-2023-52774,0,0,0,0,0,0,0
CVE-2023-52775,0,0,0,0,0,0,0
CVE-2023-52776,0,0,0,0,0,0,0
CVE-2023-52777,0,0,0,0,0,0,0
CVE-2023-52778,0,0,0,0,0,0,0
CVE-2023-52779,0,0,0,0,0,0,0
CVE-2023-52780,0,0,0,0,0,0,0
CVE-2023-52781,0,0,1,0,0,0,0
CVE-2023-52782,0,0,0,0,0,0,0
CVE-2023-52783,0,0,0,0,0,0,0
CVE-2023-52784,1,1,0,0,0,0,0
CVE-2023-52785,0,0,0,0,0,0,0
CVE-2023-52786,0,0,0,0,0,0,0
CVE-2023-52787,0,0,0,0,0,0,0
CVE-2023-52788,0,0,0,0,0,0,0
CVE-2023-52790,0,0,0,0,0,0,0
CVE-2023-52791,0,0,0,0,0,0,0
CVE-2023-52792,0,0,0,0,0,0,0
CVE-2023-52794,0,0,0,0,0,0,0
CVE-2023-52795,0,0,0,0,0,0,0
CVE-2023-52796,1,0,0,0,0,0,0
CVE-2023-52797,0,0,0,0,0,1,0
CVE-2023-52798,0,0,0,0,0,0,0
CVE-2023-52800,0,0,0,0,0,0,0
CVE-2023-52801,0,0,0,0,0,0,0
CVE-2023-52803,1,1,1,0,0,0,0
CVE-2023-52807,0,0,0,0,0,0,0
CVE-2023-52837,0,0,0,0,1,0,0
CVE-2023-52838,0,0,0,0,0,0,0
CVE-2023-52839,0,0,0,0,0,0,0
CVE-2023-52840,0,0,0,0,0,0,0
CVE-2023-52841,0,0,0,0,0,0,0
CVE-2023-52842,0,0,0,0,0,0,0
CVE-2023-52843,0,0,0,0,0,0,0
CVE-2023-52844,0,0,0,0,0,0,0
CVE-2023-52845,0,0,0,0,0,0,0
CVE-2023-52846,0,0,0,0,0,0,0
CVE-2023-52847,0,0,0,0,0,0,0
CVE-2023-52848,0,0,0,0,0,0,0
CVE-2023-52849,0,0,0,0,0,0,0
CVE-2023-52850,0,0,0,0,0,0,0
CVE-2023-52851,0,0,0,0,0,0,0
CVE-2023-52852,0,0,0,0,0,0,0
CVE-2023-52853,1,0,0,0,0,0,0
CVE-2023-52855,0,0,0,0,0,0,0
CVE-2023-52856,0,0,0,0,0,0,0
CVE-2023-52857,0,0,0,0,1,1,0
CVE-2023-52858,0,0,0,0,0,0,0
CVE-2023-52859,0,0,0,0,0,0,0
CVE-2023-52860,0,0,0,0,0,0,0
CVE-2023-52861,0,0,0,0,0,0,0
CVE-2023-52862,0,0,0,0,0,0,0
CVE-2023-52863,0,0,0,0,0,0,0
CVE-2023-52864,0,0,0,0,0,0,0
CVE-2023-52865,0,0,0,0,0,0,0
CVE-2023-52866,0,0,0,0,0,0,0
CVE-2023-52867,0,0,0,0,0,0,0
CVE-2023-52868,0,0,0,0,0,0,0
CVE-2023-52869,0,0,0,0,0,0,0
CVE-2023-52870,0,0,0,0,0,0,0
CVE-2023-52871,0,1,0,0,0,0,0
CVE-2023-52872,0,0,0,0,0,0,0
CVE-2023-52873,0,0,0,0,0,0,0
CVE-2023-52874,0,0,0,0,0,0,0
CVE-2023-52875,0,0,0,0,0,0,0
CVE-2023-52876,0,0,0,0,0,0,0
CVE-2023-52877,0,0,0,0,0,0,0
CVE-2023-52878,1,1,1,1,0,0,0
CVE-2023-52879,0,0,0,0,0,0,0
CVE-2023-52881,0,0,0,0,0,0,0
CVE-2023-52882,0,1,0,0,0,0,0
CVE-2023-5633,0,0,0,0,0,0,0
CVE-2023-5717,0,0,0,0,0,0,0
CVE-2023-5972,0,0,0,0,0,0,0
CVE-2023-6039,0,0,0,0,1,1,0
CVE-2023-6111,0,0,0,0,0,0,0
CVE-2023-6121,1,1,0,0,0,0,0
CVE-2023-6176,0,0,0,0,0,0,0
CVE-2023-6200,0,0,0,0,0,0,0
CVE-2023-6270,1,0,0,0,0,0,0
CVE-2023-6356,0,0,0,0,0,0,0
CVE-2023-6531,0,0,0,0,0,0,0
CVE-2023-6536,0,0,0,0,0,0,0
CVE-2023-6546,0,0,0,0,0,0,0
CVE-2023-6560,0,0,0,0,0,0,0
CVE-2023-6622,0,0,0,0,0,0,0
CVE-2023-6679,0,0,0,0,0,0,0
CVE-2023-6817,0,0,0,0,0,0,0
CVE-2023-6931,1,0,0,0,0,0,0
CVE-2023-6932,0,0,0,0,0,0,0
CVE-2023-7042,0,0,0,0,0,0,0
CVE-2023-7192,0,0,0,0,0,0,0
CVE-2024-0193,0,0,0,0,0,0,0
CVE-2024-0443,0,0,0,0,0,0,0
CVE-2024-0562,0,0,0,0,0,0,0
CVE-2024-0565,0,1,1,0,0,0,0
CVE-2024-0582,0,0,0,0,0,0,0
CVE-2024-0584,0,0,0,0,0,0,0
CVE-2024-0607,1,0,0,0,0,0,0
CVE-2024-0639,0,0,0,0,0,0,0
CVE-2024-0641,0,0,0,0,0,0,0
CVE-2024-0646,0,0,0,0,0,0,0
CVE-2024-0841,0,0,0,0,0,0,0
CVE-2024-1085,0,0,0,0,0,0,0
CVE-2024-1086,1,0,0,0,0,0,0
CVE-2024-1151,1,1,1,0,0,0,0
CVE-2024-1312,0,0,0,0,0,0,0
CVE-2024-2193,1,0,0,0,0,0,0
CVE-2024-23307,1,1,1,1,1,0,0
CVE-2024-23849,1,0,0,0,0,0,0
CVE-2024-23850,0,0,0,0,0,0,0
CVE-2024-24860,0,0,0,0,0,0,0
CVE-2024-24861,1,0,0,0,0,0,0
CVE-2024-25739,1,0,0,0,0,0,0
CVE-2024-26581,0,0,0,0,0,0,0
CVE-2024-26582,0,0,0,0,0,0,0
CVE-2024-26583,0,0,0,1,0,0,0
CVE-2024-26584,0,0,1,1,0,0,0
CVE-2024-26585,0,0,1,1,1,0,0
CVE-2024-26586,0,1,1,0,0,0,0
CVE-2024-26587,0,0,0,0,0,0,0
CVE-2024-26588,0,0,0,0,0,0,0
CVE-2024-26589,0,0,1,1,0,0,0
CVE-2024-26590,0,0,0,0,0,0,0
CVE-2024-26591,0,0,0,0,0,0,0
CVE-2024-26593,0,0,0,0,0,0,0
CVE-2024-26595,1,1,1,1,1,1,0
CVE-2024-26596,0,0,0,0,0,1,1
CVE-2024-26597,0,0,0,0,0,0,0
CVE-2024-26599,0,0,0,0,0,0,0
CVE-2024-26600,1,0,0,0,0,0,0
CVE-2024-26601,0,0,0,0,0,0,0
CVE-2024-26602,1,0,0,0,0,0,0
CVE-2024-26603,0,0,0,0,0,0,0
CVE-2024-26604,0,0,0,0,0,0,0
CVE-2024-26605,0,0,0,0,0,0,0
CVE-2024-26606,1,0,0,0,0,0,0
CVE-2024-26607,0,0,1,1,1,0,0
CVE-2024-26608,0,0,0,0,0,0,0
CVE-2024-26610,0,0,0,0,0,0,0
CVE-2024-26611,0,0,0,0,0,0,0
CVE-2024-26612,0,0,0,0,0,0,0
CVE-2024-26614,1,1,1,0,0,0,0
CVE-2024-26615,0,0,0,0,0,0,0
CVE-2024-26616,0,0,0,0,0,0,0
CVE-2024-26617,0,0,0,0,0,0,0
CVE-2024-26618,0,0,0,0,0,0,0
CVE-2024-26619,0,0,0,0,0,0,0
CVE-2024-26620,0,0,0,0,0,0,0
CVE-2024-26621,0,0,0,0,0,0,0
CVE-2024-26622,1,1,1,0,0,0,0
CVE-2024-26623,0,0,0,0,0,0,0
CVE-2024-26625,1,0,0,0,0,0,0
CVE-2024-26626,0,0,0,0,0,0,0
CVE-2024-26627,0,0,0,0,0,0,0
CVE-2024-26629,0,0,0,0,0,0,0
CVE-2024-26630,0,0,0,0,0,0,0
CVE-2024-26631,0,0,0,0,0,0,0
CVE-2024-26632,0,0,0,0,0,0,0
CVE-2024-26633,1,0,0,0,0,0,0
CVE-2024-26634,0,0,0,0,0,0,0
CVE-2024-26635,1,0,0,0,0,0,0
CVE-2024-26636,1,0,0,0,0,0,0
CVE-2024-26637,0,0,0,0,0,0,0
CVE-2024-26638,0,0,0,0,0,0,0
CVE-2024-26639,0,0,0,0,0,0,0
CVE-2024-26640,0,1,1,0,0,0,0
CVE-2024-26641,1,1,1,0,0,0,0
CVE-2024-26642,1,0,0,0,0,0,0
CVE-2024-26643,0,0,0,0,0,0,0
CVE-2024-26645,0,0,0,0,0,0,0
CVE-2024-26649,0,0,0,0,0,0,0
CVE-2024-26650,0,0,0,0,0,0,0
CVE-2024-26651,1,0,0,0,0,0,0
CVE-2024-26652,0,0,0,0,0,0,0
CVE-2024-26653,0,0,0,0,0,0,0
CVE-2024-26654,1,0,0,0,0,0,0
CVE-2024-26655,0,0,0,0,0,0,0
CVE-2024-26657,0,0,0,0,0,0,0
CVE-2024-26660,0,0,0,0,0,0,0
CVE-2024-26661,0,0,0,1,1,1,0
CVE-2024-26662,0,0,0,1,1,1,0
CVE-2024-26663,1,0,0,0,0,0,0
CVE-2024-26664,0,0,0,0,0,0,0
CVE-2024-26665,0,0,0,0,0,0,0
CVE-2024-26666,0,0,0,0,0,0,0
CVE-2024-26667,0,0,0,0,0,0,0
CVE-2024-26668,1,1,1,1,0,0,0
CVE-2024-26669,0,0,1,1,1,1,0
CVE-2024-26670,0,0,0,0,0,0,0
CVE-2024-26673,0,0,0,0,0,0,0
CVE-2024-26674,0,0,0,0,0,0,0
CVE-2024-26675,1,0,0,0,0,0,0
CVE-2024-26676,0,0,0,0,0,0,0
CVE-2024-26677,1,1,1,1,1,1,0
CVE-2024-26678,0,0,0,0,0,0,0
CVE-2024-26679,1,0,0,0,0,0,0
CVE-2024-26680,0,0,0,1,1,0,0
CVE-2024-26681,0,0,0,0,0,0,0
CVE-2024-26682,0,0,0,0,0,0,0
CVE-2024-26683,0,0,0,0,0,0,0
CVE-2024-26684,0,0,0,0,0,0,0
CVE-2024-26685,1,0,0,0,0,0,0
CVE-2024-26687,1,1,0,0,0,0,0
CVE-2024-26688,0,0,0,0,0,0,0
CVE-2024-26690,0,0,0,0,0,0,0
CVE-2024-26692,0,0,0,0,0,0,0
CVE-2024-26693,0,0,0,0,0,0,0
CVE-2024-26694,0,0,0,0,0,0,0
CVE-2024-26695,0,0,0,0,0,0,0
CVE-2024-26696,1,0,0,0,0,0,0
CVE-2024-26698,0,0,0,0,0,0,0
CVE-2024-26702,0,0,0,0,0,0,0
CVE-2024-26703,0,0,0,0,0,0,0
CVE-2024-26704,1,0,0,0,0,0,0
CVE-2024-26705,0,0,0,0,0,0,0
CVE-2024-26707,0,0,0,0,0,0,0
CVE-2024-26708,0,0,0,0,0,0,0
CVE-2024-26709,0,0,0,0,0,0,0
CVE-2024-26710,0,0,0,0,0,0,0
CVE-2024-26711,0,0,0,0,0,0,0
CVE-2024-26712,0,0,1,0,0,0,0
CVE-2024-26713,0,0,0,0,0,0,0
CVE-2024-26714,0,0,0,0,1,0,0
CVE-2024-26715,1,1,1,1,0,0,0
CVE-2024-26716,0,0,0,0,0,0,0
CVE-2024-26717,0,0,0,0,0,0,0
CVE-2024-26718,0,0,0,1,1,0,0
CVE-2024-26720,1,0,0,0,0,0,0
CVE-2024-26721,0,0,0,0,0,0,0
CVE-2024-26722,0,0,0,0,0,0,0
CVE-2024-26723,0,0,0,0,0,0,0
CVE-2024-26724,0,0,0,0,0,0,0
CVE-2024-26725,0,0,0,0,0,0,0
CVE-2024-26727,0,0,0,0,0,0,0
CVE-2024-26728,0,0,0,0,0,0,0
CVE-2024-26729,0,0,0,0,0,0,0
CVE-2024-26730,0,0,0,0,0,0,0
CVE-2024-26731,0,0,0,0,0,0,0
CVE-2024-26732,0,0,0,0,0,0,0
CVE-2024-26733,1,1,1,0,0,0,0
CVE-2024-26734,0,0,0,0,0,0,0
CVE-2024-26735,1,0,0,0,0,0,0
CVE-2024-26736,0,1,0,0,0,0,0
CVE-2024-26737,0,0,0,0,0,0,0
CVE-2024-26738,0,0,0,0,0,0,0
CVE-2024-26739,0,1,1,1,1,1,0
CVE-2024-26740,1,1,1,1,1,1,0
CVE-2024-26741,0,0,0,0,0,0,0
CVE-2024-26742,0,0,0,0,0,0,0
CVE-2024-26743,1,1,1,0,0,0,0
CVE-2024-26744,1,0,1,0,0,0,0
CVE-2024-26745,0,0,0,0,0,0,0
CVE-2024-26746,0,0,0,0,0,0,0
CVE-2024-26747,0,1,1,0,0,0,0
CVE-2024-26748,0,0,0,0,0,0,0
CVE-2024-26749,0,0,0,0,0,0,0
CVE-2024-26750,0,0,0,0,0,0,0
CVE-2024-26751,0,0,0,0,0,0,0
CVE-2024-26752,0,0,0,0,0,0,0
CVE-2024-26753,0,0,0,0,0,0,0
CVE-2024-26754,1,0,0,0,0,0,0
CVE-2024-26755,0,0,0,0,0,0,0
CVE-2024-26756,0,0,0,0,0,0,0
CVE-2024-26757,1,1,1,1,1,1,1
CVE-2024-26758,1,1,1,1,1,1,1
CVE-2024-26759,0,1,1,1,1,0,0
CVE-2024-26760,0,0,0,0,0,0,0
CVE-2024-26761,0,0,0,0,0,0,0
CVE-2024-26762,0,0,0,0,0,0,0
CVE-2024-26766,0,0,0,0,0,0,0
CVE-2024-26780,0,0,0,0,0,0,0
CVE-2024-26781,0,0,0,0,0,0,0
CVE-2024-26782,0,0,0,0,0,0,0
CVE-2024-26783,0,0,0,0,0,1,0
CVE-2024-26784,0,0,0,0,0,0,0
CVE-2024-26785,0,0,0,0,0,0,1
CVE-2024-26786,0,0,0,0,0,0,0
CVE-2024-26787,0,0,1,0,0,0,0
CVE-2024-26788,0,0,0,0,0,0,0
CVE-2024-26789,0,0,0,0,0,0,0
CVE-2024-26790,0,0,0,0,0,0,0
CVE-2024-26792,0,0,0,0,0,0,0
CVE-2024-26793,1,0,0,0,0,0,0
CVE-2024-26794,0,0,0,0,0,0,0
CVE-2024-26795,0,0,1,0,0,0,0
CVE-2024-26796,0,0,0,0,0,0,0
CVE-2024-26797,0,0,0,0,0,0,0
CVE-2024-26798,0,0,0,0,0,0,0
CVE-2024-26799,0,0,0,0,0,1,0
CVE-2024-26800,0,0,0,0,0,0,0
CVE-2024-26801,1,0,0,0,0,0,0
CVE-2024-26802,0,0,0,0,0,0,0
CVE-2024-26803,0,0,0,0,0,0,0
CVE-2024-26804,1,1,0,0,0,0,0
CVE-2024-26805,1,0,0,0,0,0,0
CVE-2024-26806,0,0,0,0,0,0,0
CVE-2024-26807,0,0,0,0,0,0,0
CVE-2024-26808,0,0,0,0,0,0,0
CVE-2024-26809,0,0,0,0,0,0,0
CVE-2024-26810,1,1,0,0,0,0,0
CVE-2024-26812,1,1,0,0,0,0,0
CVE-2024-26813,1,1,0,0,0,0,0
CVE-2024-26814,0,0,0,0,0,0,0
CVE-2024-26815,0,0,0,0,0,0,0
CVE-2024-26816,1,0,0,0,0,0,0
CVE-2024-26818,0,0,0,0,0,0,0
CVE-2024-26820,0,0,0,0,0,0,0
CVE-2024-26822,0,0,0,0,0,0,0
CVE-2024-26823,0,0,0,0,0,0,0
CVE-2024-26824,0,0,0,0,0,0,0
CVE-2024-26825,1,0,0,0,0,0,0
CVE-2024-26826,0,0,0,0,0,0,0
CVE-2024-26828,0,1,1,1,1,0,0
CVE-2024-26829,0,0,0,0,0,0,0
CVE-2024-26830,1,1,1,1,1,0,0
CVE-2024-26831,0,0,0,0,0,0,0
CVE-2024-26832,0,0,0,0,0,0,0
CVE-2024-26833,0,0,0,0,0,0,0
CVE-2024-26834,0,0,0,0,0,0,0
CVE-2024-26835,0,0,0,0,0,0,0
CVE-2024-26836,0,0,0,0,0,1,1
CVE-2024-26837,0,0,0,0,1,0,0
CVE-2024-26838,0,0,0,0,0,0,0
CVE-2024-26839,1,0,0,0,0,0,0
CVE-2024-26840,1,0,0,0,0,0,0
CVE-2024-26847,0,0,0,0,0,0,0
CVE-2024-26848,0,0,0,0,0,0,0
CVE-2024-26849,0,0,0,0,0,0,0
CVE-2024-26850,0,0,0,0,0,0,0
CVE-2024-26851,1,0,0,0,0,0,0
CVE-2024-26852,1,0,0,0,0,0,0
CVE-2024-26853,0,0,0,0,1,0,0
CVE-2024-26854,0,0,0,0,0,0,0
CVE-2024-26855,0,0,0,0,0,0,0
CVE-2024-26856,0,0,0,0,0,0,0
CVE-2024-26857,1,0,0,0,0,0,0
CVE-2024-26858,0,0,0,0,0,0,0
CVE-2024-26859,1,0,0,0,0,0,0
CVE-2024-26860,0,0,0,0,0,0,0
CVE-2024-26861,0,0,0,0,0,0,0
CVE-2024-26862,0,0,0,0,0,0,0
CVE-2024-26863,1,0,0,0,0,0,0
CVE-2024-26864,0,0,0,0,0,0,0
CVE-2024-26865,1,1,1,1,1,0,0
CVE-2024-26866,1,1,1,1,1,1,0
CVE-2024-26867,0,0,0,0,0,0,0
CVE-2024-26868,0,0,0,0,0,0,0
CVE-2024-26869,0,1,1,1,1,1,0
CVE-2024-26870,0,0,0,0,0,0,0
CVE-2024-26871,0,0,0,0,0,0,0
CVE-2024-26872,1,1,1,0,0,0,0
CVE-2024-26873,0,0,0,0,0,0,0
CVE-2024-26874,1,0,0,0,0,0,0
CVE-2024-26875,1,0,0,0,0,0,0
CVE-2024-26876,0,1,1,1,1,1,1
CVE-2024-26877,0,0,0,0,0,0,0
CVE-2024-26879,0,0,0,0,0,0,0
CVE-2024-26880,1,0,0,0,0,0,0
CVE-2024-26881,0,0,0,0,0,0,0
CVE-2024-26882,1,1,0,0,0,0,0
CVE-2024-26883,0,0,0,0,0,0,0
CVE-2024-26884,1,0,0,0,0,0,0
CVE-2024-26885,0,0,1,0,0,0,0
CVE-2024-26886,0,0,0,0,0,0,0
CVE-2024-26887,0,0,0,0,0,0,0
CVE-2024-26888,0,0,0,0,0,0,0
CVE-2024-26889,0,0,0,0,0,0,0
CVE-2024-26890,0,0,0,0,0,0,0
CVE-2024-26891,0,0,1,0,0,0,0
CVE-2024-26892,0,0,0,0,0,0,0
CVE-2024-26893,0,0,0,1,1,0,0
CVE-2024-26894,1,0,0,0,0,0,0
CVE-2024-26895,0,0,0,0,0,0,0
CVE-2024-26896,0,0,0,1,1,0,0
CVE-2024-26897,0,0,0,0,0,0,0
CVE-2024-26898,1,0,0,0,0,0,0
CVE-2024-26899,0,0,0,0,0,0,0
CVE-2024-26900,0,0,1,0,0,0,0
CVE-2024-26901,1,0,0,0,0,0,0
CVE-2024-26909,0,0,0,0,0,0,0
CVE-2024-26910,0,0,0,0,0,0,0
CVE-2024-26911,0,0,0,0,0,0,0
CVE-2024-26912,0,0,0,0,0,0,0
CVE-2024-26916,0,0,0,0,0,0,0
CVE-2024-26917,0,0,0,0,0,0,0
CVE-2024-26918,0,0,0,0,0,0,0
CVE-2024-26919,0,0,0,0,0,0,0
CVE-2024-26920,0,0,0,0,0,0,0
CVE-2024-26921,1,1,1,1,1,0,0
CVE-2024-26922,1,0,0,0,0,0,0
CVE-2024-26923,1,0,0,0,0,0,0
CVE-2024-26924,0,0,0,0,0,0,0
CVE-2024-26925,0,0,0,0,0,0,0
CVE-2024-26926,0,0,0,0,0,0,0
CVE-2024-26927,0,0,0,0,0,0,0
CVE-2024-26932,0,0,0,0,0,0,0
CVE-2024-26934,1,0,0,0,0,0,0
CVE-2024-26935,0,0,0,0,0,0,0
CVE-2024-26937,0,0,0,0,0,0,0
CVE-2024-26939,0,0,0,0,0,0,0
CVE-2024-26940,0,0,0,0,0,0,0
CVE-2024-26941,0,0,0,0,0,0,0
CVE-2024-26942,0,0,0,0,0,0,0
CVE-2024-26943,0,0,0,0,0,0,0
CVE-2024-26946,0,0,0,0,0,0,0
CVE-2024-26947,0,0,0,0,1,1,0
CVE-2024-26949,0,0,0,0,0,0,0
CVE-2024-26950,0,0,0,0,0,0,0
CVE-2024-26951,0,0,0,0,0,0,0
CVE-2024-26953,0,0,0,0,1,1,0
CVE-2024-26955,1,0,0,0,0,0,0
CVE-2024-26956,1,0,0,0,0,0,0
CVE-2024-26959,0,0,0,0,0,0,0
CVE-2024-26960,1,1,1,0,0,0,0
CVE-2024-26961,1,1,1,0,0,0,0
CVE-2024-26963,0,0,0,0,0,0,0
CVE-2024-26964,0,0,0,0,0,0,0
CVE-2024-26965,1,0,0,0,0,0,0
CVE-2024-26966,1,0,0,0,0,0,0
CVE-2024-26967,0,0,0,0,0,0,0
CVE-2024-26968,0,0,0,0,0,0,0
CVE-2024-26969,0,0,0,0,0,0,0
CVE-2024-26970,0,0,0,0,0,0,0
CVE-2024-26971,0,0,0,0,0,0,0
CVE-2024-26972,0,0,1,1,1,1,1
CVE-2024-26973,1,0,0,0,0,0,0
CVE-2024-26974,1,0,0,0,0,0,0
CVE-2024-26975,0,0,0,0,0,0,0
CVE-2024-26976,1,0,0,0,0,0,0
CVE-2024-26977,0,0,0,0,0,0,0
CVE-2024-26978,0,0,0,0,0,0,0
CVE-2024-26979,0,0,1,0,0,0,0
CVE-2024-26981,1,0,0,0,0,0,0
CVE-2024-26983,0,0,0,0,1,0,0
CVE-2024-26984,0,0,0,0,0,0,0
CVE-2024-26985,0,0,0,0,0,0,0
CVE-2024-26986,0,0,0,0,0,0,0
CVE-2024-26987,0,0,0,0,0,0,0
CVE-2024-26988,0,0,1,0,0,0,0
CVE-2024-26989,0,0,0,0,0,0,0
CVE-2024-26990,0,0,0,0,0,0,0
CVE-2024-26991,0,0,0,0,0,0,0
CVE-2024-26992,0,0,0,0,0,0,0
CVE-2024-26993,0,0,0,0,0,0,0
CVE-2024-26994,1,0,0,0,0,0,0
CVE-2024-26995,0,0,0,0,0,0,0
CVE-2024-26997,0,0,0,0,0,0,0
CVE-2024-26998,0,0,0,0,0,0,0
CVE-2024-26999,1,0,0,0,0,0,0
CVE-2024-27000,1,0,0,0,0,0,0
CVE-2024-27001,1,0,0,0,0,0,0
CVE-2024-27003,0,0,0,0,0,0,0
CVE-2024-27004,0,1,0,0,0,0,0
CVE-2024-27005,0,0,0,0,0,0,0
CVE-2024-27006,0,0,0,0,0,0,0
CVE-2024-27007,0,0,0,0,0,0,0
CVE-2024-27008,1,0,0,0,0,0,0
CVE-2024-27009,0,0,0,0,0,0,0
CVE-2024-27010,1,1,1,1,1,1,1
CVE-2024-27011,1,1,1,1,1,1,1
CVE-2024-27012,0,0,0,0,0,0,1
CVE-2024-27013,1,0,0,0,0,0,0
CVE-2024-27014,1,1,1,1,1,0,0
CVE-2024-27015,0,0,0,0,0,0,0
CVE-2024-27016,0,0,0,0,0,0,0
CVE-2024-27017,0,0,0,0,0,0,1
CVE-2024-27018,0,0,0,0,0,0,0
CVE-2024-27019,1,1,1,1,0,0,0
CVE-2024-27020,1,0,0,0,0,0,0
CVE-2024-27021,0,0,0,0,0,0,0
CVE-2024-27022,0,0,0,0,0,0,0
CVE-2024-27023,0,0,0,0,0,0,0
CVE-2024-27024,1,0,0,0,0,0,0
CVE-2024-27025,1,1,0,0,0,0,0
CVE-2024-27026,0,0,0,0,0,0,0
CVE-2024-27027,0,0,0,0,0,0,0
CVE-2024-27028,1,0,0,0,0,0,0
CVE-2024-27029,0,0,0,0,0,0,0
CVE-2024-27030,0,0,0,0,0,0,0
CVE-2024-27031,0,0,0,0,0,0,0
CVE-2024-27032,0,0,0,0,0,0,0
CVE-2024-27033,0,0,0,0,0,0,0
CVE-2024-27034,0,0,0,1,0,0,0
CVE-2024-27035,0,0,0,1,1,0,0
CVE-2024-27036,0,0,0,0,0,0,0
CVE-2024-27037,1,1,1,1,0,0,0
CVE-2024-27038,0,0,0,0,0,0,0
CVE-2024-27039,0,0,0,0,0,0,0
CVE-2024-27040,0,0,0,0,0,0,0
CVE-2024-27041,0,0,0,0,1,1,0
CVE-2024-27042,0,0,0,0,0,1,0
CVE-2024-27043,1,0,0,0,0,0,0
CVE-2024-27044,0,0,0,0,0,0,0
CVE-2024-27045,0,0,0,0,0,0,0
CVE-2024-27046,0,0,0,0,0,0,0
CVE-2024-27047,0,0,0,0,0,0,0
CVE-2024-27048,0,0,0,0,0,0,0
CVE-2024-27049,0,0,0,0,0,0,0
CVE-2024-27050,0,0,0,0,0,0,0
CVE-2024-27051,1,1,1,0,0,0,0
CVE-2024-27052,0,0,0,0,0,0,0
CVE-2024-27053,0,0,0,0,0,0,0
CVE-2024-27054,1,1,1,1,0,0,0
CVE-2024-27055,0,0,0,0,0,0,0
CVE-2024-27058,0,0,0,0,0,0,0
CVE-2024-27059,1,0,0,0,0,0,0
CVE-2024-27060,0,0,0,0,0,0,0
CVE-2024-27061,0,0,0,0,0,0,0
CVE-2024-27063,0,0,0,0,0,0,0
CVE-2024-27064,0,0,0,0,0,0,0
CVE-2024-27065,0,0,0,0,0,0,0
CVE-2024-27066,0,0,0,0,0,0,0
CVE-2024-27067,0,0,0,0,0,0,0
CVE-2024-27068,0,0,0,0,0,0,0
CVE-2024-27069,0,0,0,0,0,0,0
CVE-2024-27070,0,0,0,0,0,0,0
CVE-2024-27071,0,0,0,0,0,0,0
CVE-2024-27073,1,1,0,0,0,0,0
CVE-2024-27074,1,0,0,0,0,0,0
CVE-2024-27075,0,0,0,0,0,0,0
CVE-2024-27076,0,0,0,0,0,0,0
CVE-2024-27077,0,0,0,0,0,0,0
CVE-2024-27078,1,0,0,0,0,0,0
CVE-2024-27079,0,0,0,0,0,1,1
CVE-2024-27080,0,0,0,0,0,0,0
CVE-2024-27388,1,0,0,0,0,0,0
CVE-2024-27389,0,0,0,1,1,0,0
CVE-2024-27390,0,0,0,0,0,0,0
CVE-2024-27391,0,0,0,0,0,0,0
CVE-2024-27392,0,0,0,0,0,0,0
CVE-2024-27393,0,0,0,1,0,0,0
CVE-2024-27394,0,0,0,0,0,0,0
CVE-2024-27395,0,0,0,0,0,0,0
CVE-2024-27396,0,0,0,0,0,0,0
CVE-2024-27397,1,1,1,1,1,1,1
CVE-2024-27398,0,0,0,0,0,0,0
CVE-2024-27399,1,0,0,0,0,0,0
CVE-2024-27400,0,0,0,0,0,0,0
CVE-2024-27402,1,1,1,1,1,0,0
CVE-2024-27403,0,1,1,1,0,0,0
CVE-2024-27404,0,0,0,0,0,0,0
CVE-2024-27405,1,0,0,0,0,0,0
CVE-2024-27406,0,0,0,0,0,0,0
CVE-2024-27408,0,0,1,1,1,1,0
CVE-2024-27409,0,0,0,0,0,0,0
CVE-2024-27410,1,0,0,0,0,0,0
CVE-2024-27411,0,0,0,0,0,0,0
CVE-2024-27412,0,0,0,0,0,0,0
CVE-2024-27413,0,0,0,0,0,0,0
CVE-2024-27414,0,0,0,0,0,0,0
CVE-2024-27415,1,1,1,1,0,0,0
CVE-2024-27416,0,0,0,0,0,0,0
CVE-2024-27417,0,0,0,0,0,0,0
CVE-2024-27418,0,0,0,0,1,0,0
CVE-2024-27419,1,0,0,0,0,0,0
CVE-2024-27431,0,0,0,0,0,0,0
CVE-2024-27432,0,0,0,0,0,0,0
CVE-2024-27433,0,0,0,0,0,0,0
CVE-2024-27434,0,0,0,0,0,0,0
CVE-2024-27435,0,0,0,0,1,0,0
CVE-2024-27436,1,0,0,0,0,0,0
CVE-2024-27437,1,1,0,0,0,0,0
CVE-2024-35785,0,0,0,0,0,0,0
CVE-2024-35786,0,0,0,0,0,0,0
CVE-2024-35787,0,0,0,0,0,0,0
CVE-2024-35788,0,0,0,0,0,0,0
CVE-2024-35790,0,1,1,1,1,1,0
CVE-2024-35791,0,0,0,0,0,0,0
CVE-2024-35792,0,0,0,0,0,0,0
CVE-2024-35793,0,0,0,0,0,0,0
CVE-2024-35794,0,1,1,1,1,1,1
CVE-2024-35795,0,0,0,0,0,0,0
CVE-2024-35796,0,0,0,0,0,0,0
CVE-2024-35797,0,0,0,0,0,0,0
CVE-2024-35798,0,0,0,0,0,0,0
CVE-2024-35800,0,0,0,0,0,0,0
CVE-2024-35804,0,0,0,0,0,0,0
CVE-2024-35806,0,0,0,0,0,0,0
CVE-2024-35807,1,0,0,0,0,0,0
CVE-2024-35808,1,1,1,1,1,1,1
CVE-2024-35810,0,0,0,0,0,0,0
CVE-2024-35811,1,0,0,0,0,0,0
CVE-2024-35812,1,0,0,0,0,0,0
CVE-2024-35813,0,0,0,0,0,0,0
CVE-2024-35814,0,0,0,0,0,0,0
CVE-2024-35815,0,0,0,0,0,0,0
CVE-2024-35816,0,0,0,0,0,0,0
CVE-2024-35819,0,0,0,0,0,0,0
CVE-2024-35821,1,0,0,0,0,0,0
CVE-2024-35823,1,0,0,0,0,0,0
CVE-2024-35824,0,0,0,0,0,0,0
CVE-2024-35825,0,0,0,0,0,0,0
CVE-2024-35826,0,0,0,0,0,0,0
CVE-2024-35827,0,0,0,0,0,0,0
CVE-2024-35828,1,0,0,0,0,0,0
CVE-2024-35829,0,0,0,0,0,0,0
CVE-2024-35830,1,0,0,0,0,0,0
CVE-2024-35831,0,0,0,0,0,0,0
CVE-2024-35833,0,0,0,0,0,0,0
CVE-2024-35834,0,0,0,0,0,0,0
CVE-2024-35835,1,0,0,0,0,0,0
CVE-2024-35836,0,0,0,0,0,0,0
CVE-2024-35837,1,1,1,0,0,0,0
CVE-2024-35838,0,0,0,0,0,0,0
CVE-2024-35839,1,1,1,1,1,0,0
CVE-2024-35840,0,0,0,1,0,0,0
CVE-2024-35841,0,0,0,0,0,0,0
CVE-2024-35842,0,0,0,0,0,0,0
CVE-2024-35844,0,0,0,1,0,0,0
CVE-2024-35845,0,0,0,0,0,0,0
CVE-2024-35846,0,0,0,0,0,0,0
CVE-2024-35847,1,0,0,0,0,0,0
CVE-2024-35848,0,0,1,0,0,0,0
CVE-2024-35850,0,0,0,0,0,0,0
CVE-2024-35851,0,0,0,0,0,0,0
CVE-2024-35852,0,0,0,0,0,0,0
CVE-2024-35853,0,0,0,0,0,0,0
CVE-2024-35854,0,0,0,0,0,0,0
CVE-2024-35855,0,0,0,0,0,0,0
CVE-2024-35856,0,0,0,0,0,0,0
CVE-2024-35857,0,0,0,0,0,0,0
CVE-2024-35858,0,0,0,0,0,0,0
CVE-2024-35859,0,0,0,0,0,0,0
CVE-2024-35860,0,0,0,0,0,1,0
CVE-2024-35871,0,1,1,0,0,0,0
CVE-2024-35872,0,0,0,0,0,0,0
CVE-2024-35873,0,0,0,0,0,0,0
CVE-2024-35874,0,0,0,0,0,0,0
CVE-2024-35877,1,0,0,0,0,0,0
CVE-2024-35879,0,0,0,0,0,0,0
CVE-2024-35880,0,0,0,0,0,0,0
CVE-2024-35882,0,0,0,0,0,0,0
CVE-2024-35883,0,0,0,0,0,0,0
CVE-2024-35884,0,0,0,0,0,0,0
CVE-2024-35885,0,0,0,0,0,0,0
CVE-2024-35886,1,0,0,0,0,0,0
CVE-2024-35887,1,1,1,1,1,1,0
CVE-2024-35888,0,0,0,0,0,0,0
CVE-2024-35889,0,0,0,0,0,0,0
CVE-2024-35890,0,0,0,0,0,0,0
CVE-2024-35891,0,0,0,0,0,0,0
CVE-2024-35892,0,0,0,0,0,0,0
CVE-2024-35893,1,0,0,0,0,0,0
CVE-2024-35894,0,0,0,0,0,0,0
CVE-2024-35895,0,0,0,0,0,0,0
CVE-2024-35896,1,1,1,0,0,0,0
CVE-2024-35897,0,0,0,0,0,0,0
CVE-2024-35898,0,0,0,0,0,0,0
CVE-2024-35899,0,0,0,0,0,0,0
CVE-2024-35900,0,0,0,0,0,0,0
CVE-2024-35901,0,0,0,0,0,0,0
CVE-2024-35902,0,0,0,0,0,0,0
CVE-2024-35903,0,0,0,0,0,0,0
CVE-2024-35904,0,1,1,1,1,1,0
CVE-2024-35905,0,0,0,0,0,0,0
CVE-2024-35907,0,0,0,0,0,0,0
CVE-2024-35908,0,0,0,0,0,0,0
CVE-2024-35909,0,0,0,0,0,0,0
CVE-2024-35910,1,0,0,0,0,0,0
CVE-2024-35911,0,0,0,0,0,0,0
CVE-2024-35912,0,0,0,0,0,0,0
CVE-2024-35913,0,0,0,0,0,0,0
CVE-2024-35914,0,0,0,0,0,0,0
CVE-2024-35915,1,0,0,0,0,0,0
CVE-2024-35916,0,0,0,0,0,0,0
CVE-2024-35917,0,0,0,0,0,0,0
CVE-2024-35918,0,0,0,0,0,0,0
CVE-2024-35919,0,0,0,0,0,0,0
CVE-2024-35920,0,0,0,0,0,0,0
CVE-2024-35921,0,0,0,0,0,0,0
CVE-2024-35951,0,0,1,1,1,1,0
CVE-2024-35952,0,0,0,0,0,0,0
CVE-2024-35953,0,0,0,0,0,0,0
CVE-2024-35954,0,0,0,0,0,0,0
CVE-2024-35955,0,0,0,0,0,0,0
CVE-2024-35956,0,0,0,1,1,1,0
CVE-2024-35957,0,0,0,0,0,0,0
CVE-2024-35958,0,0,0,0,0,0,0
CVE-2024-35959,0,0,0,0,0,0,0
CVE-2024-35960,1,0,0,0,0,0,0
CVE-2024-35961,0,0,0,0,0,1,0
CVE-2024-35962,0,0,0,0,0,0,0
CVE-2024-35963,0,0,0,0,0,1,1
CVE-2024-35964,0,0,0,0,0,0,1
CVE-2024-35965,1,1,1,1,1,0,1
CVE-2024-35966,1,1,1,1,1,1,1
CVE-2024-35967,0,0,0,0,1,0,0
CVE-2024-35968,0,0,0,0,0,0,0
CVE-2024-35969,1,0,0,0,0,0,0
CVE-2024-35970,0,0,0,0,0,0,0
CVE-2024-35971,0,0,0,1,1,0,0
CVE-2024-35972,0,0,0,0,0,0,0
CVE-2024-35973,0,0,0,0,0,0,0
CVE-2024-35974,0,0,0,0,0,1,0
CVE-2024-35975,0,0,0,0,0,0,0
CVE-2024-35976,0,1,1,0,0,0,0
CVE-2024-35977,0,0,0,0,0,0,0
CVE-2024-35978,1,0,0,0,0,0,0
CVE-2024-35979,0,0,0,0,0,0,0
CVE-2024-35980,0,0,0,0,0,0,0
CVE-2024-35981,0,0,0,0,0,0,0
CVE-2024-35982,1,0,0,0,0,0,0
CVE-2024-35983,0,0,0,0,0,0,0
CVE-2024-35984,1,0,0,0,0,0,0
CVE-2024-35985,0,0,0,0,0,0,0
CVE-2024-35986,0,0,0,0,0,0,0
CVE-2024-35987,0,0,0,0,0,0,0
CVE-2024-35988,0,0,0,0,0,0,0
CVE-2024-35989,0,0,0,0,0,0,0
CVE-2024-35990,0,0,0,0,0,0,0
CVE-2024-35991,0,0,0,0,0,0,0
CVE-2024-35992,0,0,0,0,0,0,0
CVE-2024-35993,0,0,0,0,0,0,0
CVE-2024-35994,0,0,0,0,0,0,0
CVE-2024-35996,0,0,0,0,0,0,0
CVE-2024-35997,1,0,0,0,0,0,0
CVE-2024-36000,0,0,0,1,1,0,0
CVE-2024-36001,0,0,0,0,0,0,0
CVE-2024-36002,0,0,0,0,0,0,0
CVE-2024-36003,0,0,0,0,0,0,0
CVE-2024-36004,1,0,0,0,0,0,0
CVE-2024-36005,0,0,0,0,0,0,0
CVE-2024-36006,0,0,0,0,0,0,0
CVE-2024-36007,0,0,0,0,0,0,0
CVE-2024-36008,0,0,0,0,0,0,0
CVE-2024-36009,0,0,0,0,0,0,0
CVE-2024-36010,0,0,0,0,0,0,0
CVE-2024-36011,0,0,0,0,0,0,0
CVE-2024-36012,0,0,0,0,1,0,0
CVE-2024-36013,1,1,1,1,1,1,0
CVE-2024-36014,0,1,1,1,1,1,1
CVE-2024-36015,1,1,1,1,1,1,1
CVE-2024-36016,1,1,1,1,1,1,1
CVE-2024-36017,1,0,0,0,0,0,0
CVE-2024-36018,0,0,0,0,0,0,0
CVE-2024-36019,0,0,0,0,0,0,0
CVE-2024-36020,0,0,0,0,0,0,0
CVE-2024-36021,0,0,0,0,1,0,0
CVE-2024-36025,0,0,0,0,0,0,0
CVE-2024-36027,0,0,0,0,0,0,0
CVE-2024-36028,0,0,0,0,0,0,0
CVE-2024-36029,1,1,1,1,0,0,0
CVE-2024-36030,0,0,0,0,0,0,0
CVE-2024-36031,0,0,0,0,0,0,0
CVE-2024-36032,0,0,0,0,1,0,0
CVE-2024-36033,0,0,0,0,0,0,0
CVE-2024-36880,1,1,1,1,0,0,0
CVE-2024-36881,0,0,0,0,0,1,0
CVE-2024-36882,0,0,0,0,0,0,0
CVE-2024-36883,1,0,0,0,0,0,0
CVE-2024-36884,0,0,0,0,0,0,0
CVE-2024-36886,1,0,0,0,0,0,0
CVE-2024-36887,0,0,0,0,0,0,0
CVE-2024-36888,0,0,0,0,0,0,0
CVE-2024-36889,0,0,0,0,0,0,0
CVE-2024-36890,0,0,0,0,0,0,0
CVE-2024-36891,0,0,0,0,0,1,0
CVE-2024-36892,0,0,0,0,0,0,0
CVE-2024-36893,0,0,0,0,0,0,0
CVE-2024-36894,1,1,1,1,1,1,0
CVE-2024-36895,0,0,0,0,0,0,0
CVE-2024-36896,0,0,0,0,0,0,0
CVE-2024-36898,0,0,0,1,1,0,0
CVE-2024-36899,0,0,0,1,1,1,0
CVE-2024-36900,0,0,0,0,0,0,0
CVE-2024-36901,1,1,1,1,1,0,0
CVE-2024-36902,1,0,0,0,0,0,0
CVE-2024-36903,0,0,0,0,0,0,0
CVE-2024-36904,0,0,0,0,0,0,0
CVE-2024-36905,1,0,0,0,0,0,0
CVE-2024-36906,0,0,0,0,0,0,0
CVE-2024-36907,0,0,0,0,0,0,0
CVE-2024-36925,0,0,0,0,0,0,0
CVE-2024-36926,0,0,0,0,0,0,0
CVE-2024-36927,0,0,0,0,0,0,0
CVE-2024-36928,0,0,0,0,0,0,0
CVE-2024-36929,0,0,0,0,0,0,0
CVE-2024-36931,0,0,0,0,0,0,0
CVE-2024-36932,0,0,0,0,0,0,0
CVE-2024-36933,1,0,0,0,0,0,0
CVE-2024-36934,1,0,0,0,0,0,0
CVE-2024-36935,0,0,0,0,0,0,0
CVE-2024-36936,0,0,0,0,0,0,1
CVE-2024-36937,0,0,0,0,0,0,0
CVE-2024-36938,0,0,1,1,0,0,0
CVE-2024-36939,1,1,0,0,0,0,0
CVE-2024-36940,1,0,0,0,0,0,0
CVE-2024-36941,1,0,0,0,0,0,0
CVE-2024-36943,0,0,0,0,0,0,0
CVE-2024-36945,0,0,0,0,0,0,0
CVE-2024-36946,1,0,0,0,0,0,0
CVE-2024-36947,0,0,0,0,0,0,0
CVE-2024-36953,1,1,1,0,0,0,0
CVE-2024-36954,0,0,0,0,0,0,0
CVE-2024-36955,0,0,0,0,0,0,0
CVE-2024-36956,0,0,0,0,0,0,0
CVE-2024-36957,0,0,0,0,0,0,0
CVE-2024-36958,0,0,0,0,0,0,0
CVE-2024-36959,0,0,0,0,0,0,0
id=4a4346441945739ecba565240312bfa8337565f0,0,0,0,0,0,0,0
id=6c3d9f6833eec1787429e55ef01fb7708a5aee37,0,0,0,0,0,0,0
id=85aabdf095415e9e918c3a7eecb6d8c9b43c4290,1,1,1,1,1,0,0
id=c695b37fa97e76a6fbd9e2034223cb99b7ed1cfe,1,0,0,0,0,0,0
